url,rank,categories
https://xvideo.vlog.br,1000,CIPA Filter | CIPA | Pornography | Adult Themes
https://www.amazon.fr,1000,Ecommerce | Shopping & Auctions
https://www.betpawa.ug,1000,Gambling | Sports | CIPA Filter | CIPA
https://www.pornpics.com,1000,Pornography | Adult Themes | CIPA Filter | CIPA
https://outlook.live.com,1000,Information Technology | Technology | Business | Business & Economy
https://www.filmweb.pl,1000,Movies | Entertainment | Video Streaming
https://fr.wikipedia.org,1000,Education | Reference
https://dzen.ru,1000,News & Media | Entertainment | Video Streaming
https://www.olympics.com,1000,Sports
https://es.wikipedia.org,1000,Education | Reference
https://www.pussyboy.net,1000,Pornography | Adult Themes | CIPA Filter | CIPA
https://www.elconfidencial.com,1000,News & Media | Entertainment | Video Streaming
https://poki.com,1000,Gaming | Entertainment
https://okxxx1.com,1000,Pornography | Adult Themes | CIPA Filter | CIPA
https://www.gov.uk,1000,"Politics, Advocacy, and Government-Related | Government & Politics"
https://www.linkedin.com,1000,Professional Networking | Society & Lifestyle
https://www.canva.com,1000,Hobbies & Interests | Society & Lifestyle
https://ge.globo.com,1000,Video Streaming | Entertainment | News & Media
https://www.nike.com,1000,Clothing | Society & Lifestyle | Ecommerce | Shopping & Auctions
https://sites.google.com,1000,Technology
https://www.haberler.com,1000,News & Media | Entertainment
https://www.zedge.net,1000,Shareware/Freeware | Technology
https://www.sondakika.com,1000,News & Media | Entertainment
https://play.google.com,1000,Gaming | Entertainment | Shareware/Freeware | Technology
https://scratch.mit.edu,1000,Gaming | Entertainment | Education
https://www.antarvasna3.com,1000,Adult Themes | CIPA Filter | CIPA
https://mobile-x3.simontokx.asia,1000,Pornography | Adult Themes | CIPA Filter | CIPA
https://fastdl.app,1000,Information Technology | Technology | Shareware/Freeware
https://es.erome.com,1000,Pornography | Adult Themes | CIPA Filter | CIPA
https://www.bbc.com,1000,News & Media | Entertainment | Video Streaming
https://www.t-online.de,1000,News & Media | Entertainment | Video Streaming
https://vide62.com,1000,Login Screens | Miscellaneous
https://www.bilibili.com,1000,Video Streaming | Entertainment
https://game8.jp,1000,Gaming | Entertainment | Hobbies & Interests | Society & Lifestyle
https://www.arabtnt.com,1000,Pornography | Adult Themes | CIPA Filter | CIPA
https://ayhal.com,1000,Government/Legal | Government & Politics | Information Security | Internet Communication
https://www.xn--72c0anj1fqy6jqa7ei.net,1000,Pornography | Adult Themes | CIPA Filter | CIPA
https://wise.com,1000,Economy & Finance | Business & Economy | Business | Personal Finance
https://stripchat.com,1000,Chat | Internet Communication | CIPA Filter | CIPA | Pornography | Adult Themes
https://www.sportybet.com,1000,Sports | Gambling | CIPA Filter | CIPA
https://esaj.tjsp.jus.br,1000,"Technology | Government/Legal | Government & Politics | Politics, Advocacy, and Government-Related"
https://www.zeit.de,1000,Video Streaming | Entertainment | News & Media
https://www.welt.de,1000,Video Streaming | Entertainment | News & Media
https://www.speedtest.net,1000,Information Technology | Technology
https://xxxbp.tv,1000,Pornography | Adult Themes | CIPA Filter | CIPA
https://www.amazon.com.mx,1000,Ecommerce | Shopping & Auctions
https://www.turkiye.gov.tr,1000,"Politics, Advocacy, and Government-Related | Government & Politics"
https://www.ptt.cc,1000,Forums | Internet Communication
https://outlook.office.com,1000,Business | Business & Economy | Webmail | Internet Communication
https://www.msn.com,1000,News & Media | Entertainment
https://www.hln.be,1000,News & Media | Entertainment
https://www.promiedos.com.ar,1000,Sports
https://www.goal.com,1000,Video Streaming | Entertainment | Sports | News & Media
https://photos.google.com,1000,"News, Portal & Search | Technology | Search Engines"
https://fapello.com,1000,CIPA Filter | CIPA | Pornography | Adult Themes
https://www.amazon.ca,1000,Ecommerce | Shopping & Auctions
https://www.boyfriendtv.com,1000,CIPA Filter | CIPA | Pornography | Adult Themes
https://www.wnacg.com,1000,Pornography | Adult Themes | CIPA Filter | CIPA
https://mobcup.fm,1000,Technology | Shareware/Freeware
https://wordwall.net,1000,Hobbies & Interests | Society & Lifestyle | Education
https://missav.ws,1000,Pornography | Adult Themes | CIPA Filter | CIPA
https://www.redtube.com,1000,CIPA Filter | CIPA | Pornography | Adult Themes | Nudity
https://mat6tube.com,1000,Search Engines | Technology | CIPA Filter | CIPA | Pornography | Adult Themes
https://www.ynet.co.il,1000,Video Streaming | Entertainment | News & Media
https://fdown.net,1000,Content Servers | Technology
https://www.quora.com,1000,Forums | Internet Communication | Reference | Education
https://www.myinstants.com,1000,Audio Streaming | Entertainment
https://ficbook.net,1000,Education
https://dpboss.boston,1000,Gambling | CIPA Filter | CIPA
https://www.patreon.com,1000,Entertainment | Social Networks | Society & Lifestyle
https://www.agoda.com,1000,Coupons | Shopping & Auctions | Travel
https://www.xpaja.net,1000,Pornography | Adult Themes | CIPA Filter | CIPA
https://vnexpress.net,1000,News & Media | Entertainment
https://www.expressen.se,1000,News & Media | Entertainment | Video Streaming
https://filmyfiy.click,1000,Video Streaming | Entertainment | CIPA Filter | CIPA | Movies | Questionable Activities | Questionable Content
https://www.sahibinden.com,1000,Auctions & Marketplaces | Shopping & Auctions
https://www.dlsite.com,1000,Pornography | Adult Themes | CIPA Filter | CIPA
https://www.lefigaro.fr,1000,Video Streaming | Entertainment | News & Media
https://videy.co,1000,CIPA Filter | CIPA | File Sharing | Technology | Questionable Activities | Questionable Content
https://www.betpawa.cm,1000,CIPA Filter | CIPA | Gambling
https://www.cnn.com,1000,Video Streaming | Entertainment | News & Media
https://www.inven.co.kr,1000,Gaming | Entertainment
https://www.goodreturns.in,1000,Economy & Finance | Business & Economy
https://bookmark.xxx,1000,Pornography | Adult Themes | CIPA Filter | CIPA
https://www.tamildhool.tech,1000,Movies | Entertainment | Television
https://www.annunci69.it,1000,Pornography | Adult Themes | CIPA Filter | CIPA
https://www.futbol24.com,1000,Gambling | Sports | CIPA Filter | CIPA
https://www.nexusmods.com,1000,News & Media | Entertainment | Gaming | Hobbies & Interests | Society & Lifestyle
https://www.pussyspace.com,1000,Pornography | Adult Themes | CIPA Filter | CIPA
https://mangabuff.ru,1000,Comic Books | Entertainment
https://news.google.com,1000,News & Media | Entertainment
https://tvwiki5.net,1000,Video Streaming | Entertainment | CIPA Filter | CIPA | Questionable Activities | Questionable Content | Television
https://www.mangago.me,1000,Comic Books | Entertainment
https://www.ixbt.com,1000,Technology | News & Media | Entertainment
https://isaidub.love,1000,Video Streaming | Entertainment | CIPA Filter | CIPA | Movies | Questionable Activities | Questionable Content
https://gamewith.jp,1000,Gaming | Entertainment
https://ewaybillgst.gov.in,1000,"Politics, Advocacy, and Government-Related | Government & Politics"
https://genius.com,1000,Music | Entertainment
https://rx.sp.mbga.jp,1000,Gaming | Entertainment
https://www.erome.com,1000,Nudity | Adult Themes | CIPA Filter | CIPA
https://simpcity.cr,1000,Forums | Internet Communication | Pornography | Adult Themes | CIPA Filter | CIPA
https://es.scribd.com,1000,Education
https://www.pinterest.com,1000,Photography | Society & Lifestyle | Social Networks
https://topics.smt.docomo.ne.jp,1000,News & Media | Entertainment
https://exhentai.org,1000,CIPA Filter | CIPA | Questionable Activities | Questionable Content | Pornography | Adult Themes
https://www.primevideo.com,1000,Movies | Entertainment | Video Streaming | Television
https://www.onet.pl,1000,"News & Media | Entertainment | News, Portal & Search | Technology"
https://www.sexvid.xxx,1000,Nudity | Adult Themes | Pornography | CIPA Filter | CIPA
https://smt.docomo.ne.jp,1000,News & Media | Entertainment
https://auto.drom.ru,1000,Vehicles
https://vide63.com,1000,Login Screens | Miscellaneous
https://meteofor.com.ua,1000,News & Media | Entertainment | Weather
https://www.novinky.cz,1000,News & Media | Entertainment
https://motherless.com,1000,Pornography | Adult Themes | CIPA Filter | CIPA
https://b7510.com,1000,Content Servers | Technology
https://xnxx.health,1000,Pornography | Adult Themes | CIPA Filter | CIPA
https://www.moneycontrol.com,1000,Economy & Finance | Business & Economy | Video Streaming | Entertainment
https://www.dogdrip.net,1000,Forums | Internet Communication
https://www.ceneo.pl,1000,Ecommerce | Shopping & Auctions
https://www.telegraph.co.uk,1000,News & Media | Entertainment
https://www.hltv.org,1000,Gaming | Entertainment
https://googll.store,1000,Ecommerce | Shopping & Auctions
https://www.wildberries.ru,1000,Ecommerce | Shopping & Auctions
https://www.starfall.com,1000,Safe for Kids | Education
https://www.spiegel.de,1000,News & Media | Entertainment | Video Streaming | Magazines
https://rkv1.com,1000,Content Servers | Technology
https://steamcommunity.com,1000,Forums | Internet Communication | Gaming | Entertainment
https://aternos.org,1000,Gaming | Entertainment | Information Technology | Technology
https://www.coolmathgames.com,1000,Gaming | Entertainment
https://www.5movierulz.insure,1000,Video Streaming | Entertainment | CIPA Filter | CIPA | Movies | Questionable Activities | Questionable Content
https://www.bikewale.com,1000,Sports | Vehicles
https://mangafire.to,1000,Comic Books | Entertainment
https://avmisohd.com,1000,CIPA Filter | CIPA | Pornography | Adult Themes
https://e621.net,1000,CIPA Filter | CIPA | Pornography | Adult Themes | Search Engines | Technology
https://gshow.globo.com,1000,Entertainment
https://www.espncricinfo.com,1000,Sports | Video Streaming | Entertainment | News & Media
https://s.tabelog.com,1000,Shopping | Shopping & Auctions | Food & Drink | Society & Lifestyle
https://www.bol.com,1000,Ecommerce | Shopping & Auctions
https://hot.noodlemagazine.com,1000,Pornography | Adult Themes | CIPA Filter | CIPA
https://www.sexvid.pro,1000,CIPA Filter | CIPA | Pornography | Adult Themes
https://m.yahoo.co.jp,1000,News & Media | Entertainment
https://gall.dcinside.com,1000,News & Media | Entertainment
https://freeip.me,1000,CIPA Filter | CIPA | Information Technology | Technology | P2P | Internet Communication
https://www.sotwe.com,1000,Social Networks | Society & Lifestyle | CIPA Filter | CIPA
https://www.subito.it,1000,Auctions & Marketplaces | Shopping & Auctions
https://tabs.ultimate-guitar.com,1000,Hobbies & Interests | Society & Lifestyle
https://testbook.com,1000,Education
https://www.wattpad.com,1000,Education | Shareware/Freeware | Technology
https://allegro.pl,1000,Ecommerce | Shopping & Auctions
https://www.paypal.com,1000,Personal Finance | Business & Economy
https://www.pornocarioca.com,1000,Pornography | Adult Themes | CIPA Filter | CIPA
https://czbooks.net,1000,Education
https://www.amazon.com.au,1000,Ecommerce | Shopping & Auctions
https://kompoz2.com,1000,Pornography | Adult Themes | CIPA Filter | CIPA
https://www.wowhead.com,1000,Forums | Internet Communication | Gaming | Entertainment
https://m.humoruniv.com,1000,Adult Themes | Humor | Entertainment | CIPA Filter | CIPA
https://geediting.com,1000,Business | Business & Economy
https://www.argos.co.uk,1000,Ecommerce | Shopping & Auctions
https://faphouse.com,1000,Pornography | Adult Themes | CIPA Filter | CIPA
https://syosetu.org,1000,Education
https://drive.google.com,1000,Business | Business & Economy
https://www.programme-tv.net,1000,Video Streaming | Entertainment | Television
https://torob.com,1000,Shopping | Shopping & Auctions
https://funpay.com,1000,Personal Finance | Business & Economy
https://www.gazzetta.it,1000,Video Streaming | Entertainment | News & Media | Sports
https://xoso.com.vn,1000,Gambling | CIPA Filter | CIPA
https://www.ouest-france.fr,1000,News & Media | Entertainment
https://xhopen.com,1000,Pornography | Adult Themes | CIPA Filter | CIPA
https://www.aliexpress.com,1000,Ecommerce | Shopping & Auctions
https://m.ladies.de,1000,Adult Themes | CIPA Filter | CIPA
https://www.fuq.com,1000,Pornography | Adult Themes | CIPA Filter | CIPA
https://transit.yahoo.co.jp,1000,News & Media | Entertainment | Travel
https://xhaccess.com,1000,CIPA Filter | CIPA | Pornography | Adult Themes
https://www.w3schools.com,1000,Information Technology | Technology | Education
https://www.mediaexpert.pl,1000,Ecommerce | Shopping & Auctions
https://myactivity.google.com,1000,Technology
https://bingoplus.com,1000,Gambling | CIPA Filter | CIPA
https://www.tgju.org,1000,Economy & Finance | Business & Economy
https://app.hubspot.com,1000,Business | Business & Economy
https://www.ebay.co.uk,1000,Auctions & Marketplaces | Shopping & Auctions
https://uncutmaza.com.co,1000,CIPA Filter | CIPA | Questionable Activities | Questionable Content | Television | Entertainment | Video Streaming
https://www.thscore.mobi,1000,Sports
https://m.imdb.com,1000,Movies | Entertainment | Video Streaming
https://tmohentai.com,1000,CIPA Filter | CIPA | Pornography | Adult Themes
https://www.globo.com,1000,News & Media | Entertainment
https://www.amazon.co.uk,1000,Ecommerce | Shopping & Auctions
https://calendar.google.com,1000,Business | Business & Economy
https://www.kumanga.com,1000,Cartoons & Anime | Entertainment
https://www.eenadu.net,1000,News & Media | Entertainment
https://meet.google.com,1000,Business | Business & Economy
https://www.1mg.com,1000,Health & Fitness | Health
https://www.blic.rs,1000,Video Streaming | Entertainment | News & Media
https://nl.xhamster.com,1000,Pornography | Adult Themes | Questionable Activities | Questionable Content | CIPA Filter | CIPA
https://archiveofourown.org,1000,Education | Entertainment | Forums | Internet Communication | Arts
https://one.google.com,1000,File Sharing | Technology
https://www.bhojpurisex.site,1000,CIPA Filter | CIPA | Pornography | Adult Themes
https://novel18.syosetu.com,1000,Adult Themes | Education | CIPA Filter | CIPA
https://mnregaweb4.nic.in,1000,Content Servers | Technology
https://sinoptik.ua,1000,Weather | News & Media | Entertainment
https://www.autotrader.co.uk,1000,Vehicles
https://news.yahoo.co.jp,1000,News & Media | Entertainment
https://www.khabaronline.ir,1000,News & Media | Entertainment
https://www.immobiliare.it,1000,Real Estate
https://nustargame.com,1000,Gaming | Entertainment | CIPA Filter | CIPA | Gambling
https://www.merkur.de,1000,News & Media | Entertainment | Video Streaming
https://gemini.google.com,1000,Chat | Internet Communication | Artificial Intelligence | Technology
https://www.justdial.com,1000,Search Engines | Technology
https://www.ixl.com,1000,Education
https://mail.google.com,1000,Technology
https://search-redirect.com,1000,Travel
https://www.protothema.gr,1000,News & Media | Entertainment
https://www.kooora.com,1000,Sports | News & Media | Entertainment
https://www.delgarm.com,1000,Magazines | Entertainment
https://www.remove.bg,1000,Technology
https://www.cmoa.jp,1000,Cartoons & Anime | Entertainment
https://janitorai.com,1000,Chat | Internet Communication | Artificial Intelligence | Technology
http://xxx18hot.com,1000,CIPA Filter | CIPA | Pornography | Adult Themes
https://www.yahoo.com,1000,News & Media | Entertainment
https://nlab.itmedia.co.jp,1000,Entertainment
https://remotedesktop.google.com,1000,Remote Access | Technology | Shareware/Freeware
https://xnxx.com.se,1000,Pornography | Adult Themes | CIPA Filter | CIPA
https://www.dagbladet.no,1000,News & Media | Entertainment
https://www.shutterstock.com,1000,Photography | Society & Lifestyle
https://www.otto.de,1000,Ecommerce | Shopping & Auctions
https://otieu.com,1000,Pornography | Adult Themes | Content Servers | Technology | CIPA Filter | CIPA
https://yasyadong.tv,1000,Pornography | Adult Themes | CIPA Filter | CIPA
https://www.netflix.com,1000,Movies | Entertainment | Video Streaming
https://www.desitales2.com,1000,Personal Blogs | Internet Communication | Pornography | Adult Themes | CIPA Filter | CIPA
https://wayground.com,1000,Education | Artificial Intelligence | Technology
https://www.3bmeteo.com,1000,News & Media | Entertainment | Weather
https://satta-king-fast.com,1000,Gaming | Entertainment
https://workspace.google.com,1000,Business | Business & Economy
https://www.aemet.es,1000,Weather | News & Media | Entertainment
https://uidai.gov.in,1000,"Politics, Advocacy, and Government-Related | Government & Politics"
https://musicdel.ir,1000,Audio Streaming | Entertainment
https://www.mercadolibre.com.mx,1000,Auctions & Marketplaces | Shopping & Auctions
https://www.nefisyemektarifleri.com,1000,Food & Drink | Society & Lifestyle
https://www.dropbox.com,1000,File Sharing | Technology
https://www.justice.gov,1000,Government/Legal | Government & Politics
https://www.zillow.com,1000,Real Estate
https://www.apple.com,1000,Information Technology | Technology
https://hotxv.com,1000,CIPA Filter | CIPA | Pornography | Adult Themes
https://www.emag.ro,1000,Ecommerce | Shopping & Auctions
https://www.aparat.com,1000,Video Streaming | Entertainment
https://www.cricbuzz.com,1000,Sports | News & Media | Entertainment
https://www.scribd.com,1000,Education
https://ekstrabladet.dk,1000,News & Media | Entertainment
https://www.aftonbladet.se,1000,News & Media | Entertainment | Video Streaming
https://www.jra.go.jp,1000,Gambling | CIPA Filter | CIPA
https://drive.usercontent.google.com,1000,File Sharing | Technology
https://store.steampowered.com,1000,Gaming | Entertainment | Ecommerce | Shopping & Auctions
https://www.bakecaincontrii.com,1000,Dating & Relationships | Society & Lifestyle | Pornography | Adult Themes | CIPA Filter | CIPA
https://www.bfmtv.com,1000,Video Streaming | Entertainment | News & Media
https://www.jw.org,1000,Religion & Spirituality | Religion
https://www.chordtela.com,1000,Music | Entertainment
https://www.olx.com.br,1000,Auctions & Marketplaces | Shopping & Auctions
https://www.vietnam.vn,1000,Video Streaming | Entertainment | News & Media
https://www.sexybluefilm.com,1000,Economy & Finance | Business & Economy
https://www.pornhub.com,1000,CIPA Filter | CIPA | Pornography | Adult Themes
https://www.ninisite.com,1000,Parenting | Society & Lifestyle
https://nhentai.net,1000,Pornography | Adult Themes | CIPA Filter | CIPA
https://moviesda17.com,1000,Movies | Entertainment | Questionable Activities | Questionable Content | Video Streaming | CIPA Filter | CIPA
https://kick.com,1000,Video Streaming | Entertainment | Gaming
https://www.bing.com,1000,Search Engines | Technology
https://www.samsung.com,1000,Home & Garden | Society & Lifestyle | Technology
https://m.youm7.com,1000,News & Media | Entertainment
https://www.iltalehti.fi,1000,News & Media | Entertainment
https://yle.fi,1000,Video Streaming | Entertainment | News & Media
https://www.temu.com,1000,Ecommerce | Shopping & Auctions
https://filmyfly.cymru,1000,Movies | Entertainment | Questionable Activities | Questionable Content | Video Streaming | CIPA Filter | CIPA
https://www.betpawa.co.tz,1000,Gambling | CIPA Filter | CIPA
https://www.makemytrip.com,1000,Travel
https://www.target.com,1000,Ecommerce | Shopping & Auctions
https://www.hdtube.porn,1000,Pornography | Adult Themes | CIPA Filter | CIPA | Nudity
https://255md.com,1000,Content Servers | Technology
https://triunfobet.com,1000,Gambling | CIPA Filter | CIPA
https://www.vg.no,1000,News & Media | Entertainment
https://www.naukri.com,1000,Job Search & Careers
https://www.kicker.de,1000,Sports | Video Streaming | Entertainment | News & Media
https://www.betano.bet.br,1000,Gambling | CIPA Filter | CIPA
https://www.leroymerlin.fr,1000,Ecommerce | Shopping & Auctions | Business | Business & Economy
https://faphouse2.com,1000,Pornography | Adult Themes | CIPA Filter | CIPA
https://www.absher.sa,1000,"Politics, Advocacy, and Government-Related | Government & Politics"
https://girlschannel.net,1000,Forums | Internet Communication
https://nos.nl,1000,News & Media | Entertainment
https://www.corriere.it,1000,News & Media | Entertainment | Video Streaming
https://skipthegames.com,1000,CIPA Filter | CIPA | Pornography | Adult Themes
https://405kk.com,1000,CIPA Filter | CIPA
https://s8ey.com,1000,Gambling | CIPA Filter | CIPA
https://secure.bankofamerica.com,1000,Personal Finance | Business & Economy
https://www.icc-cricket.com,1000,Sports
https://br.skokka.com,1000,Pornography | Adult Themes | CIPA Filter | CIPA
https://novelbin.com,1000,Education
https://ge.xhamster.com,1000,Pornography | Adult Themes | CIPA Filter | CIPA
https://www.ojogodobicho.com,1000,Health & Fitness | Health
https://www.roblox.com,1000,Gaming | Entertainment | Safe for Kids
https://myaccount.google.com,1000,"News, Portal & Search | Technology | Search Engines"
https://ru.wikipedia.org,1000,Education
https://www.xxxhindi.to,1000,Pornography | Adult Themes | CIPA Filter | CIPA
https://www.goodreads.com,1000,Education
https://www.joyclub.de,1000,Forums | Internet Communication | CIPA Filter | CIPA | Adult Themes
https://www.digikala.com,1000,Ecommerce | Shopping & Auctions
https://www.polybuzz.ai,1000,Chat | Internet Communication | Artificial Intelligence | Technology
https://www.nesine.com,1000,Gambling | CIPA Filter | CIPA
https://toyhou.se,1000,Hobbies & Interests | Society & Lifestyle
https://www.deviantart.com,1000,Adult Themes | Arts | Entertainment | Social Networks | Society & Lifestyle | CIPA Filter | CIPA
https://www.leboncoin.fr,1000,Auctions & Marketplaces | Shopping & Auctions
https://mingky02.net,1000,Pornography | Adult Themes | CIPA Filter | CIPA
https://m.vk.com,1000,Social Networks | Society & Lifestyle
https://www.amazon.com,1000,Ecommerce | Shopping & Auctions
https://nypost.com,1000,Video Streaming | Entertainment | News & Media
https://www.dafont.com,1000,Hobbies & Interests | Society & Lifestyle
https://www.list.am,1000,Auctions & Marketplaces | Shopping & Auctions
https://m.sexemodel.com,1000,CIPA Filter | CIPA | Pornography | Adult Themes
https://www.biblegateway.com,1000,Religion & Spirituality | Religion
https://www.gismeteo.ru,1000,News & Media | Entertainment
https://www.epfindia.gov.in,1000,"Politics, Advocacy, and Government-Related | Government & Politics"
https://www.xvideos.es,1000,CIPA Filter | CIPA | Pornography | Adult Themes
https://www.mundodeportivo.com,1000,News & Media | Entertainment | Video Streaming | Sports
https://bakusai.com,1000,Forums | Internet Communication
https://www.infobae.com,1000,News & Media | Entertainment
https://www.elephantbet.co.mz,1000,Gambling | CIPA Filter | CIPA | Sports
https://kakuyomu.jp,1000,Education
https://rule34.xxx,1000,Pornography | Adult Themes | CIPA Filter | CIPA
https://www.football.com,1000,Gambling | CIPA Filter | CIPA
https://search.naver.com,1000,News & Media | Entertainment
https://www.russianfood.com,1000,Food & Drink | Society & Lifestyle
https://www.xvideos.com,1000,CIPA Filter | CIPA | Pornography | Adult Themes
https://imhentai.xxx,1000,Pornography | Adult Themes | CIPA Filter | CIPA
https://tabletki.ua,1000,Health & Fitness | Health
https://linktr.ee,1000,Business | Business & Economy
https://search.brave.com,1000,Search Engines | Technology
https://bpexch.live,1000,Login Screens | Miscellaneous
https://www.n-tv.de,1000,News & Media | Entertainment
https://www.cardmarket.com,1000,Auctions & Marketplaces | Shopping & Auctions | Hobbies & Interests | Society & Lifestyle
https://www.amazon.it,1000,Ecommerce | Shopping & Auctions
https://litnet.com,1000,Education
https://www.ilovepdf.com,1000,Technology | Business | Business & Economy
https://xhamster2.com,1000,CIPA Filter | CIPA | Adult Themes | Nudity | Pornography
https://manhwaweb.com,1000,Pornography | Adult Themes | CIPA Filter | CIPA
https://superbet.bet.br,1000,CIPA Filter | CIPA | Gambling
https://www.marca.com,1000,Sports | News & Media | Entertainment | Video Streaming
https://s.shopee.co.id,1000,Content Servers | Technology
https://fetlife.com,1000,Social Networks | Society & Lifestyle | Pornography | Adult Themes | CIPA Filter | CIPA
https://apnews.com,1000,News & Media | Entertainment
https://www.eltiempo.es,1000,Weather | Video Streaming | Entertainment | News & Media
https://www.skroutz.gr,1000,Shopping | Shopping & Auctions
https://www.trendyol.com,1000,Ecommerce | Shopping & Auctions | Fashion | Society & Lifestyle
https://www.fanmtl.com,1000,Education | Movies | Entertainment
https://wfwf447.com,1000,Pornography | Adult Themes | CIPA Filter | CIPA
https://www.hollywoodbets.net,1000,Content Servers | Technology
https://www.diretta.it,1000,Sports
https://hianime.to,1000,Cartoons & Anime | Entertainment | Questionable Activities | Questionable Content | CIPA Filter | CIPA | Video Streaming
https://lotterysambadresult.in,1000,Entertainment | CIPA Filter | CIPA | Gambling
https://rsch.jp,1000,Content Servers | Technology
https://playinmatch.com,1000,Gambling | Gaming | Entertainment | CIPA Filter | CIPA
https://www.serviporno.com,1000,Pornography | Adult Themes | CIPA Filter | CIPA
https://search.yahoo.co.jp,1000,Search Engines | Technology
https://www.reddit.com,1000,Forums | Internet Communication
https://xhamster.desi,1000,Pornography | Adult Themes | Nudity | CIPA Filter | CIPA
https://character.ai,1000,Artificial Intelligence | Technology | Chat | Internet Communication
https://www.tradingview.com,1000,Professional Networking | Society & Lifestyle | Brokerage & Investing | Business & Economy
https://www.desikahani2.net,1000,Pornography | Adult Themes | CIPA Filter | CIPA
https://bebesong.com,1000,Personal Blogs | Internet Communication | Video Streaming | Entertainment
https://www.jiomart.com,1000,Ecommerce | Shopping & Auctions
https://www.conectate.com.do,1000,News & Media | Entertainment
https://tenki.jp,1000,Weather | News & Media | Entertainment
https://pimpbunny.com,1000,Pornography | Adult Themes | CIPA Filter | CIPA
https://www.69shuba.com,1000,Education
https://xnhau.hot,1000,CIPA Filter | CIPA | Pornography | Adult Themes
https://www.redwap.sex,1000,Pornography | Adult Themes | CIPA Filter | CIPA
https://www.yahoo.co.jp,1000,News & Media | Entertainment
https://www.abola.pt,1000,Sports | Video Streaming | Entertainment | Magazines
https://zonatmo.com,1000,Comic Books | Entertainment
https://www.pornhat.com,1000,Nudity | Adult Themes | Pornography | CIPA Filter | CIPA
https://www.superporn.com,1000,Pornography | Adult Themes | CIPA Filter | CIPA
https://www.upwork.com,1000,Job Search & Careers
https://www.marktplaats.nl,1000,Auctions & Marketplaces | Shopping & Auctions
https://milli.gold,1000,Economy & Finance | Business & Economy
https://missav.live,1000,Pornography | Adult Themes | CIPA Filter | CIPA
https://xosodaiphat.com,1000,CIPA Filter | CIPA | Gambling
https://www.walmart.com,1000,Ecommerce | Shopping & Auctions | Shopping
https://www.wow.xxx,1000,Pornography | Adult Themes | CIPA Filter | CIPA
https://chromewebstore.google.com,1000,Shareware/Freeware | Technology
https://www.screener.in,1000,Brokerage & Investing | Business & Economy | Search Engines | Technology
https://in.bookmyshow.com,1000,Entertainment | Movies
https://gdz-raketa.ru,1000,Education
https://mechacomic.jp,1000,Comic Books | Entertainment
https://phimxxx.ai,1000,CIPA Filter | CIPA | Pornography | Adult Themes
https://poczta.wp.pl,1000,Webmail | Internet Communication
https://www.vinted.fr,1000,Auctions & Marketplaces | Shopping & Auctions
https://spboss.mobi,1000,CIPA Filter | CIPA | Gambling | Gaming | Entertainment
https://www.sexlog.com,1000,CIPA Filter | CIPA | Adult Themes | Dating & Relationships | Society & Lifestyle
https://piccoma.com,1000,Comic Books | Entertainment
https://www.coupang.com,1000,Ecommerce | Shopping & Auctions
https://an1.com,1000,Gaming | Entertainment | Shareware/Freeware | Technology
https://www.filmyzilla30.com,1000,Movies | Entertainment | Questionable Activities | Questionable Content | Video Streaming | CIPA Filter | CIPA
https://www.amazon.in,1000,Ecommerce | Shopping & Auctions
https://www.franceinfo.fr,1000,"News & Media | Entertainment | Video Streaming | Politics, Advocacy, and Government-Related | Government & Politics"
https://www.amazon.de,1000,Ecommerce | Shopping & Auctions
https://supjav.com,1000,Pornography | Adult Themes | CIPA Filter | CIPA
https://www.rat.xxx,1000,Pornography | Adult Themes | CIPA Filter | CIPA
https://www.jutarnji.hr,1000,News & Media | Entertainment
https://note.com,1000,Social Networks | Society & Lifestyle
https://www.xbox.com,1000,Gaming | Entertainment
https://www.flipkart.com,1000,Ecommerce | Shopping & Auctions
https://member.rakuten-sec.co.jp,1000,Economy & Finance | Business & Economy
https://jp.spankbang.com,1000,Pornography | Adult Themes | CIPA Filter | CIPA | Movies | Entertainment
https://login.yahoo.com,1000,Information Technology | Technology
https://www.fmkorea.com,1000,Forums | Internet Communication
https://www.merriam-webster.com,1000,Reference | Education
https://m.fabswingers.com,1000,CIPA Filter | CIPA | Adult Themes | Dating & Relationships | Society & Lifestyle
https://www.futbin.com,1000,Sports | Gaming | Entertainment
https://pt.erome.com,1000,Pornography | Adult Themes | CIPA Filter | CIPA
https://www.threads.com,1000,Social Networks | Society & Lifestyle
https://g1.globo.com,1000,Video Streaming | Entertainment | News & Media
https://www.jagran.com,1000,Video Streaming | Entertainment | News & Media
https://www.lemonde.fr,1000,Video Streaming | Entertainment | News & Media
https://www.kleinanzeigen.de,1000,Auctions & Marketplaces | Shopping & Auctions
https://news.infoseek.co.jp,1000,News & Media | Entertainment
https://timesofindia.indiatimes.com,1000,News & Media | Entertainment
https://www.skysports.com,1000,Video Streaming | Entertainment | Sports | News & Media
https://www.property24.com,1000,Real Estate
https://gelbooru.com,1000,CIPA Filter | CIPA | Pornography | Adult Themes | Search Engines | Technology | Nudity
https://www.imdb.com,1000,Entertainment | Movies | Video Streaming
https://www.ikea.com,1000,Business | Business & Economy
https://www.bpexch.live,1000,Login Screens | Miscellaneous
https://support.microsoft.com,1000,Information Technology | Technology
https://chaturbate.com,1000,Nudity | Adult Themes | Chat | Internet Communication | CIPA Filter | CIPA
https://www.5movierulz.kaufen,1000,Questionable Activities | Questionable Content | Video Streaming | Entertainment | CIPA Filter | CIPA | Movies
https://sellercentral.amazon.com,1000,Ecommerce | Shopping & Auctions
https://shahvani.com,1000,Nudity | Adult Themes | Pornography | CIPA Filter | CIPA
https://e-hentai.org,1000,CIPA Filter | CIPA | Questionable Activities | Questionable Content | Pornography | Adult Themes
https://hitomi.la,1000,CIPA Filter | CIPA | Questionable Activities | Questionable Content | Pornography | Adult Themes
https://www.dmm.co.jp,1000,Pornography | Adult Themes | CIPA Filter | CIPA
https://asuracomic.net,1000,Comic Books | Entertainment
https://www.dzexams.com,1000,Education
https://www.amazon.eg,1000,Ecommerce | Shopping & Auctions
https://njavtv.com,1000,CIPA Filter | CIPA | Pornography | Adult Themes
https://www.nytimes.com,1000,News & Media | Entertainment
https://id.xhamster.com,1000,Chat | Internet Communication | Pornography | Adult Themes | CIPA Filter | CIPA
https://www.google.com.hk,1000,Search Engines | Technology
https://www.idealista.it,1000,Real Estate
https://elpais.com,1000,News & Media | Entertainment
https://www.myntra.com,1000,Ecommerce | Shopping & Auctions
https://sportowefakty.wp.pl,1000,Sports | News & Media | Entertainment
https://www.finn.no,1000,Auctions & Marketplaces | Shopping & Auctions
https://telegram.org,1000,Instant Messengers | Internet Communication
https://www.ebay.com,1000,Auctions & Marketplaces | Shopping & Auctions
https://xhtotal.com,1000,Pornography | Adult Themes | CIPA Filter | CIPA
https://www.nfse.gov.br,1000,"Politics, Advocacy, and Government-Related | Government & Politics"
https://www.typing.com,1000,Education
https://www.indeed.com,1000,Job Search & Careers
https://www.pixiv.net,1000,Arts | Entertainment | Forums | Internet Communication
https://www.championat.com,1000,News & Media | Entertainment | Video Streaming | Sports
https://lichess.org,1000,Gaming | Entertainment | Hobbies & Interests | Society & Lifestyle
https://www.fiverr.com,1000,Search Engines | Technology
https://www.bbc.co.uk,1000,Video Streaming | Entertainment | News & Media
https://shopify.com,1000,Ecommerce | Shopping & Auctions
https://www.hentai.name,1000,Pornography | Adult Themes | CIPA Filter | CIPA
https://www.universal-credit.service.gov.uk,1000,"Politics, Advocacy, and Government-Related | Government & Politics"
https://turbo.az,1000,Vehicles
https://s.dto.jp,1000,Adult Themes | CIPA Filter | CIPA
https://sports.yahoo.co.jp,1000,Sports | News & Media | Entertainment
https://www.imagefap.com,1000,Pornography | Adult Themes | CIPA Filter | CIPA
https://m.indiamart.com,1000,Ecommerce | Shopping & Auctions | Auctions & Marketplaces
https://m.youtube.com,1000,Video Streaming | Entertainment
https://people.com,1000,Entertainment | Video Streaming | Magazines
https://nya2.com,1000,Business | Business & Economy | Information Security | Internet Communication
https://www.lanacion.com.ar,1000,News & Media | Entertainment
https://www.thekamababa.com,1000,Pornography | Adult Themes | CIPA Filter | CIPA
https://librefutboltv.su,1000,Questionable Activities | Questionable Content | Video Streaming | Entertainment | Sports | CIPA Filter | CIPA
https://nz.ua,1000,Technology | Education
https://xhamster1.desi,1000,Pornography | Adult Themes | CIPA Filter | CIPA
https://www.zearn.org,1000,Login Screens | Miscellaneous
https://www.croxyproxy.com,1000,CIPA Filter | CIPA
https://myreadingmanga.info,1000,Pornography | Adult Themes | CIPA Filter | CIPA
https://www.mercadolivre.com.br,1000,Ecommerce | Shopping & Auctions
https://funinmatch555.com,1000,Gambling | Gaming | Entertainment | CIPA Filter | CIPA
https://m.fanfiction.net,1000,Education | Forums | Internet Communication
https://jable.tv,1000,CIPA Filter | CIPA | Pornography | Adult Themes
https://movie.eroterest.net,1000,Personal Blogs | Internet Communication | CIPA Filter | CIPA | Pornography | Adult Themes | Humor | Entertainment
https://az24.vn,1000,CIPA Filter | CIPA | Gambling
https://www.avto.net,1000,Vehicles
https://fast.com,1000,Information Technology | Technology
https://www.lioden.com,1000,Gaming | Entertainment
https://hochi.news,1000,Sports | News & Media | Entertainment
https://moviesda16.com,1000,Movies | Entertainment | Questionable Activities | Questionable Content | Video Streaming | CIPA Filter | CIPA
https://www.youtube.com,1000,Video Streaming | Entertainment
https://www.arbada.com,1000,Pornography | Adult Themes | CIPA Filter | CIPA
https://sso.acesso.gov.br,1000,"Technology | Politics, Advocacy, and Government-Related | Government & Politics"
https://www.dailymotion.com,1000,Video Streaming | Entertainment
https://www.shahrekhabar.com,1000,News & Media | Entertainment
https://yandex.com.tr,1000,Search Engines | Technology
https://www.xbanxia.cc,1000,Information Security | Internet Communication
https://spankbang.com,1000,Nudity | Adult Themes | Pornography | CIPA Filter | CIPA
https://docs.google.com,1000,Technology
https://www.sexnyk.com,1000,Pornography | Adult Themes | CIPA Filter | CIPA
https://gdz.ru,1000,Education
https://tw.news.yahoo.com,1000,Video Streaming | Entertainment | News & Media
https://playhop.com,1000,Gaming | Entertainment
https://theqoo.net,1000,Forums | Internet Communication
https://xhamster.com,1000,Nudity | Adult Themes | CIPA Filter | CIPA | Pornography
https://weather.com,1000,Weather | News & Media | Entertainment
https://finance.yahoo.com,1000,Economy & Finance | Business & Economy
https://sex-studentki.team,1000,CIPA Filter | CIPA | Pornography | Adult Themes
https://missav.ai,1000,CIPA Filter | CIPA | Pornography | Adult Themes
https://www.bilibili.tv,1000,Video Streaming | Entertainment | Cartoons & Anime
https://www.publi24.ro,1000,Auctions & Marketplaces | Shopping & Auctions
https://www.tiktok.com,1000,Social Networks | Society & Lifestyle | Video Streaming | Entertainment
https://edition.cnn.com,1000,News & Media | Entertainment | Video Streaming
https://www.homedepot.com,1000,Ecommerce | Shopping & Auctions | Home & Garden | Society & Lifestyle
https://www.microsoft.com,1000,Information Technology | Technology | Business | Business & Economy
https://www.ancestry.com,1000,Hobbies & Interests | Society & Lifestyle
https://www.carwale.com,1000,Vehicles
https://www.dailymail.co.uk,1000,News & Media | Entertainment | Video Streaming
https://ssstik.io,1000,Shareware/Freeware | Technology
https://www.letras.mus.br,1000,Audio Streaming | Entertainment
https://prom.ua,1000,Ecommerce | Shopping & Auctions
https://imgsrc.ru,1000,Photography | Society & Lifestyle
https://www.shaalaa.com,1000,Educational Institutions | Education
https://mangabuddy.com,1000,Comic Books | Entertainment
https://www.cityheaven.net,1000,CIPA Filter | CIPA | Adult Themes
https://keirin.jp,1000,Sports
https://www.flashscore.com,1000,Sports | CIPA Filter | CIPA | Gambling
https://tktube.com,1000,Pornography | Adult Themes | CIPA Filter | CIPA
https://www.chess.com,1000,Gaming | Entertainment | Hobbies & Interests | Society & Lifestyle
https://www.aznude.com,1000,Pornography | Adult Themes | CIPA Filter | CIPA
https://www.amazon.com.br,1000,Ecommerce | Shopping & Auctions
https://lectormangaa.com,1000,Content Servers | Technology
https://www.livescore.com,1000,Sports
https://www.betika.com,1000,Gambling | CIPA Filter | CIPA
https://bit.ly,1000,URL Alias/Redirect | Miscellaneous
https://noodlemagazine.com,1000,Pornography | Adult Themes | CIPA Filter | CIPA
https://xsmn.mobi,1000,Gambling | CIPA Filter | CIPA
https://www.20minutes.fr,1000,News & Media | Entertainment
https://www.mediafire.com,1000,File Sharing | Technology | Shareware/Freeware
https://danbooru.donmai.us,1000,Arts | Entertainment | CIPA Filter | CIPA | Pornography | Adult Themes
https://video.dmm.co.jp,1000,Pornography | Adult Themes | CIPA Filter | CIPA
https://www.xnxx2.com,1000,Pornography | Adult Themes | CIPA Filter | CIPA
https://luticlip.com,1000,CIPA Filter | CIPA | Pornography | Adult Themes
https://it.wikipedia.org,1000,Education | Reference
https://kr40.topgirl.co,1000,Pornography | Adult Themes | CIPA Filter | CIPA | Gambling
https://xhamster44.desi,1000,Pornography | Adult Themes | CIPA Filter | CIPA
https://www.52shuku.net,1000,Education
https://www.txnhh.com,1000,Pornography | Adult Themes | CIPA Filter | CIPA
https://clickpetroleoegas.com.br,1000,Business | Business & Economy
https://nregastrep.nic.in,1000,Personal Blogs | Internet Communication | Job Search & Careers
https://rule34video.com,1000,CIPA Filter | CIPA | Pornography | Adult Themes
https://xhamster19.com,1000,CIPA Filter | CIPA | Pornography | Adult Themes
https://old.reddit.com,1000,Forums | Internet Communication
https://www.ozon.ru,1000,Ecommerce | Shopping & Auctions
https://www.tokyomotion.net,1000,CIPA Filter | CIPA | Pornography | Adult Themes
https://www.railyatri.in,5000,Travel
https://www.flightaware.com,5000,Travel
https://mobile.free.fr,5000,Information Technology | Technology
https://hentaiera.com,5000,Pornography | Adult Themes | CIPA Filter | CIPA | Questionable Activities | Questionable Content
https://www.victoriassecret.com,5000,Lingerie & Bikini | Society & Lifestyle | Swimsuits | Ecommerce | Shopping & Auctions
https://www.calciomercato.com,5000,Sports | News & Media | Entertainment
https://arbpay.me,5000,Personal Finance | Business & Economy
https://sproutgigs.com,5000,Business | Business & Economy
https://manhuatop.org,5000,Comic Books | Entertainment
https://playmods.net,5000,Gaming | Entertainment | Shareware/Freeware | Technology
https://3xyaoi.com,5000,Content Servers | Technology
https://oblenergo.cv.ua,5000,Government/Legal | Government & Politics
https://www.noredink.com,5000,Education | Artificial Intelligence | Technology
https://www.wuxiabox.com,5000,Hobbies & Interests | Society & Lifestyle | Education
https://www.allfreenovel.com,5000,Movies | Entertainment | Education
https://www.bild.de,5000,Video Streaming | Entertainment | News & Media
https://www.ea.com,5000,Gaming | Entertainment
https://www.asus.com,5000,Technology
https://www.huffingtonpost.fr,5000,News & Media | Entertainment
https://www.sambaporno.com,5000,Pornography | Adult Themes | CIPA Filter | CIPA
https://www.thingiverse.com,5000,Forums | Internet Communication | Technology
https://mym.fans,5000,Social Networks | Society & Lifestyle
https://www.sweetwater.com,5000,Music | Entertainment | Ecommerce | Shopping & Auctions
https://loteriasdehoy.co,5000,Gambling | CIPA Filter | CIPA
https://www.xdate.ch,5000,Pornography | Adult Themes | CIPA Filter | CIPA
https://beeg.porn,5000,Pornography | Adult Themes | CIPA Filter | CIPA
https://pornoperso.com,5000,Pornography | Adult Themes | CIPA Filter | CIPA
https://vymanga.com,5000,CIPA Filter | CIPA | Adult Themes | Comic Books | Entertainment
https://www.menards.com,5000,Ecommerce | Shopping & Auctions
https://www.bz-berlin.de,10000,News & Media | Entertainment
https://nhentai.xxx,5000,Pornography | Adult Themes | CIPA Filter | CIPA
https://www.blocket.se,5000,Ecommerce | Shopping & Auctions
https://www.frandroid.com,5000,Technology | News & Media | Entertainment
https://www.lazada.co.id,5000,Ecommerce | Shopping & Auctions
https://www.falabella.com.pe,5000,Ecommerce | Shopping & Auctions
https://hlo.tohotheater.jp,5000,Movies | Entertainment
https://puhutv.com,10000,Television | Entertainment | Movies | Video Streaming
https://123av.com,5000,Pornography | Adult Themes | CIPA Filter | CIPA
https://www.amazon.pl,5000,Ecommerce | Shopping & Auctions
https://www.truepeoplesearch.com,5000,Search Engines | Technology
https://www.zhihu.com,5000,Forums | Internet Communication | Reference | Education
https://www.reserved.com,5000,Clothing | Society & Lifestyle | Ecommerce | Shopping & Auctions
https://pixeldrain.com,5000,Pornography | Adult Themes | CIPA Filter | CIPA | File Sharing | Technology
https://www.dw.com,5000,News & Media | Entertainment
https://oglobo.globo.com,5000,News & Media | Entertainment
https://freemeteo.gr,5000,Weather
https://www.hindichudaivideos.com,5000,CIPA Filter | CIPA | Pornography | Adult Themes
https://sports.yahoo.com,5000,Sports | Video Streaming | Entertainment | News & Media
https://www.marinetraffic.com,5000,Travel | Reference | Education
https://www.skylinewebcams.com,5000,Video Streaming | Entertainment
https://www.hdfilmizle.to,5000,CIPA Filter | CIPA | Movies | Entertainment | Questionable Activities | Questionable Content | Video Streaming
https://www.dochord.com,5000,Music | Entertainment | Hobbies & Interests | Society & Lifestyle
https://hamariweb.com,5000,News & Media | Entertainment | Video Streaming
https://www.halara.com,10000,Ecommerce | Shopping & Auctions | Clothing | Society & Lifestyle
https://www.khanacademy.org,5000,Education | Educational Institutions
https://www.rbc.ru,5000,News & Media | Entertainment
https://today.line.me,5000,News & Media | Entertainment
https://www.audible.com,5000,Education
https://chartink.com,5000,Technology
https://www.amazon.co.za,5000,Ecommerce | Shopping & Auctions
https://www.mca.gov.in,5000,"Politics, Advocacy, and Government-Related | Government & Politics"
https://xn--69-6ti3b.net,5000,CIPA Filter | CIPA | Pornography | Adult Themes
https://operacoes.sp.gov.br,5000,"Politics, Advocacy, and Government-Related | Government & Politics"
https://www.camsoda.com,5000,Pornography | Adult Themes | CIPA Filter | CIPA
https://forocoches.com,5000,Forums | Internet Communication
https://www.lider.cl,10000,Ecommerce | Shopping & Auctions
https://kids.youtube.com,5000,Video Streaming | Entertainment
https://www.deltamath.com,10000,Educational Institutions | Education
https://www.adda247.com,5000,Video Streaming | Entertainment | Personal Blogs | Internet Communication
https://www.lavoz.com.ar,5000,News & Media | Entertainment | Video Streaming
https://byjus.com,5000,Education
https://www.hotpepper.jp,5000,Food & Drink | Society & Lifestyle
https://www.paycomonline.net,5000,Business | Business & Economy | Personal Finance
https://www.film.ru,10000,Movies | Entertainment
https://krx18.com,5000,Pornography | Adult Themes | CIPA Filter | CIPA | Movies | Entertainment | Personal Blogs | Internet Communication
https://www.leroymerlin.pt,5000,Ecommerce | Shopping & Auctions
https://www.limundo.com,10000,Auctions & Marketplaces | Shopping & Auctions
https://www.oreillyauto.com,5000,Ecommerce | Shopping & Auctions | Vehicles
https://www.flashscore.ro,5000,Sports | Gambling | CIPA Filter | CIPA
https://pendujatt.com.se,5000,CIPA Filter | CIPA | Audio Streaming | Entertainment | Questionable Activities | Questionable Content
https://can.az,5000,Chat | Internet Communication
https://caras.com.br,5000,News & Media | Entertainment
https://xcadr.online,5000,CIPA Filter | CIPA | Entertainment | Adult Themes | Video Streaming
https://www.vanityfair.it,5000,Magazines | Entertainment
https://www.30filmywap.com,5000,Video Streaming | Entertainment | CIPA Filter | CIPA | Movies | Questionable Activities | Questionable Content
https://www.lottovip.com,10000,Gambling | CIPA Filter | CIPA
https://www.allocine.fr,5000,Video Streaming | Entertainment | Movies
https://www.derstandard.at,5000,News & Media | Entertainment
https://smartapply.indeed.com,5000,Job Search & Careers
https://micasino.com,5000,CIPA Filter | CIPA | Gambling
https://pagalnew.com,5000,Content Servers | Technology
https://imgur.com,5000,Social Networks | Society & Lifestyle | Photography
https://www.pelotalibretv2.pl,5000,Sports
https://www.pornohammer.com,10000,Pornography | Adult Themes | CIPA Filter | CIPA
https://m.79king1.com,5000,CIPA Filter | CIPA | Gambling
https://www.nuuvem.com,10000,Gaming | Entertainment | Ecommerce | Shopping & Auctions
https://www.decathlon.in,5000,Sports | Clothing | Society & Lifestyle | Ecommerce | Shopping & Auctions
https://www.jugandoonline.com.ar,5000,Gambling | CIPA Filter | CIPA
https://avizoone.com,5000,Pornography | Adult Themes | CIPA Filter | CIPA
https://firefaucet.win,5000,Economy & Finance | Business & Economy
https://yaoiscan.com,5000,Comic Books | Entertainment | Cartoons & Anime | Personal Blogs | Internet Communication
https://www.walgreens.com,5000,Ecommerce | Shopping & Auctions
https://www.javlibrary.com,5000,Pornography | Adult Themes | CIPA Filter | CIPA
https://www.tecnomat.it,5000,Reference | Education
https://tlauncher.org,10000,Gaming | Entertainment
https://www.obi.de,5000,Ecommerce | Shopping & Auctions
https://esia.gosuslugi.ru,5000,"Politics, Advocacy, and Government-Related | Government & Politics"
https://tv3.nontondrama.my,5000,CIPA Filter | CIPA | Questionable Activities | Questionable Content | Video Streaming | Entertainment
https://ndmais.com.br,5000,News & Media | Entertainment | Video Streaming
https://wikicv.net,5000,Comic Books | Entertainment
https://www.mp4moviez.scot,5000,Movies | Entertainment | Questionable Activities | Questionable Content | Video Streaming | CIPA Filter | CIPA
https://www.ebay.com.au,5000,Auctions & Marketplaces | Shopping & Auctions
https://nozomi.la,10000,Pornography | Adult Themes | CIPA Filter | CIPA
https://speed-manga.net,5000,Comic Books | Entertainment | Cartoons & Anime
https://www.gsrtc.in,10000,Travel
https://arbnaar.com,5000,Pornography | Adult Themes | CIPA Filter | CIPA
https://www.ticketmaster.com.mx,5000,Entertainment | Ecommerce | Shopping & Auctions
https://www.rottentomatoes.com,5000,Movies | Entertainment
https://tr.tradingview.com,10000,Unreachable | Miscellaneous
https://www.seek.com.au,5000,Job Search & Careers
https://www.tori.fi,5000,Vehicles | Auctions & Marketplaces | Shopping & Auctions
https://www.redwap.me,5000,Pornography | Adult Themes | CIPA Filter | CIPA
https://www.sciencealert.com,5000,News & Media | Entertainment | Space & Astronomy | Education
https://www.scribblehub.com,5000,Comic Books | Entertainment
https://mini.zbiornik.com,5000,Pornography | Adult Themes | CIPA Filter | CIPA
https://www.ncbi.nlm.nih.gov,5000,Business | Business & Economy
https://www.glassdoor.com,5000,Job Search & Careers
https://www.flashscore.co.id,5000,CIPA Filter | CIPA | Gambling
https://www.tuttocampo.it,5000,Technology | News & Media | Entertainment | Sports
https://jav24hd.net,5000,Pornography | Adult Themes | CIPA Filter | CIPA
https://m.shbet800.com,5000,Gambling | CIPA Filter | CIPA
https://www.jigsawplanet.com,5000,Gaming | Entertainment | Hobbies & Interests | Society & Lifestyle
https://noticias.uol.com.br,5000,News & Media | Entertainment
https://www.ancestry.com.au,5000,Hobbies & Interests | Society & Lifestyle
https://m.aliexpress.com,5000,Ecommerce | Shopping & Auctions
https://portaldozacarias.com.br,5000,News & Media | Entertainment
https://www.libas.in,5000,Clothing | Society & Lifestyle | Ecommerce | Shopping & Auctions
https://investor.id,10000,News & Media | Entertainment
https://m.tuttonapoli.net,10000,News & Media | Entertainment | Sports
https://unlockffbeta.com,5000,Gaming | Entertainment
https://www.willhaben.at,5000,Auctions & Marketplaces | Shopping & Auctions
https://www.bancsabadell.com,5000,Personal Finance | Business & Economy
https://www.prajavani.net,5000,Video Streaming | Entertainment | News & Media
https://www.5movierulz.maison,5000,Movies | Entertainment | Questionable Activities | Questionable Content | Video Streaming | CIPA Filter | CIPA
https://sevilmusics.com,5000,Audio Streaming | Entertainment
https://www.telkomsel.com,5000,Information Technology | Technology
https://websearch.rakuten.co.jp,10000,News & Media | Entertainment
https://www.priceline.com,5000,Travel
https://bassthalk.com,5000,Education
https://www.dcard.tw,10000,Forums | Internet Communication
https://www.sexindrag.com,5000,Pornography | Adult Themes | CIPA Filter | CIPA
https://ww.porn5xxx.at,5000,Pornography | Adult Themes | CIPA Filter | CIPA
https://www.vidmate-official.com,5000,Information Technology | Technology
https://www.spotify.com,5000,Audio Streaming | Entertainment
https://www.elcorreo.com,5000,News & Media | Entertainment
https://sv.wikipedia.org,5000,Reference | Education
https://www.publico.pt,5000,News & Media | Entertainment
https://tabelog.com,5000,Shopping | Shopping & Auctions | Food & Drink | Society & Lifestyle
https://www.canva.in,10000,Technology
https://psiphon.news,5000,News & Media | Entertainment
https://www.nordkurier.de,5000,News & Media | Entertainment
https://www.cartacapital.com.br,5000,News & Media | Entertainment
https://niconsul.com,5000,"Politics, Advocacy, and Government-Related | Government & Politics"
https://www.autozone.com,5000,Ecommerce | Shopping & Auctions | Vehicles
https://the-ans.jp,5000,Sports | News & Media | Entertainment | Personal Blogs | Internet Communication
https://www.fnn.jp,5000,News & Media | Entertainment
https://s2.chess-results.com,5000,Hobbies & Interests | Society & Lifestyle
https://www.vrbo.com,5000,Travel
https://udn.com,5000,News & Media | Entertainment
https://www.stheadline.com,5000,News & Media | Entertainment
https://www.premierbet.co.ao,5000,Gambling | CIPA Filter | CIPA
https://www.findagrave.com,5000,Search Engines | Technology
https://www.fragrantica.com,5000,Fashion | Society & Lifestyle
https://terraria.wiki.gg,5000,Education | Gaming | Entertainment
https://indown.io,5000,Information Technology | Technology
https://loilonote.app,5000,Login Screens | Miscellaneous
https://doujin-freee.cc,5000,Pornography | Adult Themes | CIPA Filter | CIPA
https://www.argentina.gob.ar,5000,"Politics, Advocacy, and Government-Related | Government & Politics"
https://footballi.net,5000,Sports
https://donya-e-eqtesad.com,5000,News & Media | Entertainment
https://portal6.com.br,5000,News & Media | Entertainment
https://asg.to,10000,CIPA Filter | CIPA | Pornography | Adult Themes
https://www.emol.com,5000,News & Media | Entertainment
https://tjoy.jp,10000,Music | Entertainment
https://www.gekso.org,5000,Pornography | Adult Themes | CIPA Filter | CIPA
https://abadis.ir,5000,Information Technology | Technology
https://www.news24.com,5000,News & Media | Entertainment
https://faberlic.com,5000,Fashion | Society & Lifestyle
https://www.konami.com,5000,Business | Business & Economy
https://mangakatana.com,5000,Comic Books | Entertainment
https://myxh.today,5000,Pornography | Adult Themes | Nudity | CIPA Filter | CIPA
https://ganamosnet.org,5000,Gambling | CIPA Filter | CIPA
https://www.ntv.com.tr,5000,News & Media | Entertainment | Video Streaming
https://www.daily.co.jp,5000,News & Media | Entertainment
https://tyler-brown.com,5000,Pornography | Adult Themes | CIPA Filter | CIPA
https://ecuabet.com,5000,Gambling | CIPA Filter | CIPA
https://javdb.com,5000,Pornography | Adult Themes | CIPA Filter | CIPA
https://www.eurosport.fr,5000,News & Media | Entertainment | Sports | Video Streaming
https://kinogo.ec,5000,Movies | Entertainment | Questionable Activities | Questionable Content | Video Streaming | CIPA Filter | CIPA
https://trafficnews.jp,5000,News & Media | Entertainment | Travel
https://www.emlakjet.com,5000,Real Estate
https://yesporn.vip,5000,Pornography | Adult Themes | CIPA Filter | CIPA
https://www.hessenschau.de,10000,Video Streaming | Entertainment | News & Media
https://desibf.com,5000,Content Servers | Technology
https://www.lotoven.com,5000,Gambling | CIPA Filter | CIPA
https://www.eventbrite.com,5000,Entertainment | Search Engines | Technology
https://www.rbc.ua,5000,News & Media | Entertainment
https://www.bokon.to,5000,Pornography | Adult Themes | CIPA Filter | CIPA
https://www.javrate.com,5000,Pornography | Adult Themes | CIPA Filter | CIPA
https://www.hdfc.bank.in,5000,Personal Finance | Business & Economy
https://net.hr,5000,News & Media | Entertainment
https://www.behance.net,5000,Professional Networking | Society & Lifestyle
https://siol.net,5000,News & Media | Entertainment
https://www.qvc.com,5000,Ecommerce | Shopping & Auctions
https://www.cnews.fr,5000,News & Media | Entertainment | Video Streaming
https://www.redbus.in,5000,Travel
https://www.zerozero.pt,5000,News & Media | Entertainment | Sports | Video Streaming
https://www.lavanguardia.com,5000,News & Media | Entertainment | Video Streaming
https://signup.live.com,5000,Information Technology | Technology
https://revistaquem.globo.com,10000,Entertainment
https://www.diy.com,5000,Ecommerce | Shopping & Auctions
https://www.nbe.com.eg,10000,Personal Finance | Business & Economy
https://www.homes.co.jp,5000,Real Estate
https://www.torn.com,5000,Hobbies & Interests | Society & Lifestyle
https://smallpdf.com,5000,Business | Business & Economy | Technology
https://jkforum.net,10000,Forums | Internet Communication | CIPA Filter | CIPA | Pornography | Adult Themes
https://m.vbet.am,5000,Gambling | CIPA Filter | CIPA
https://m.cp.sk,5000,Travel
https://abxxx.com,5000,CIPA Filter | CIPA | Pornography | Adult Themes
https://hotdesifuck.pro,5000,CIPA Filter | CIPA | Pornography | Adult Themes
https://www.spicymms.com,5000,Pornography | Adult Themes | CIPA Filter | CIPA
https://www.turf-fr.com,5000,Gambling | CIPA Filter | CIPA
https://www.eheya.net,5000,Real Estate
https://javsek.net,5000,Pornography | Adult Themes | CIPA Filter | CIPA
https://snaptik.net,5000,Information Technology | Technology | Shareware/Freeware
https://www.krone.at,5000,News & Media | Entertainment
https://tiermaker.com,5000,Gaming | Entertainment
https://www.tempo.pt,5000,News & Media | Entertainment
https://football.kulichki.net,10000,Sports
https://www.cool18.com,5000,Pornography | Adult Themes | CIPA Filter | CIPA
https://www.buddy4study.com,5000,Job Search & Careers | Education
https://www.swiggy.com,5000,Food & Drink | Society & Lifestyle
https://fhvfd.com,5000,Content Servers | Technology
https://18av.mm-cg.com,5000,Pornography | Adult Themes | CIPA Filter | CIPA
https://www.ppomppu.co.kr,5000,Forums | Internet Communication
https://porninhq.com,5000,Pornography | Adult Themes | CIPA Filter | CIPA
https://rozetka.com.ua,5000,Ecommerce | Shopping & Auctions
https://vide60.com,5000,Login Screens | Miscellaneous
https://vide64.com,5000,Login Screens | Miscellaneous
https://fujinkoron.jp,10000,News & Media | Entertainment
https://5xlgame.com,10000,Gaming | Entertainment
https://www.voglioporno.com,5000,Pornography | Adult Themes | CIPA Filter | CIPA
https://asianwiki.com,10000,Education | Television | Entertainment | Movies
https://www.pagina12.com.ar,5000,News & Media | Entertainment
https://rule34.xyz,5000,Pornography | Adult Themes | CIPA Filter | CIPA
https://www.felissimo.co.jp,5000,Shopping | Shopping & Auctions
https://kubnews.ru,10000,News & Media | Entertainment
https://polytoria.com,5000,Gaming | Entertainment
https://allporncomic.com,5000,Pornography | Adult Themes | CIPA Filter | CIPA | Questionable Activities | Questionable Content
https://www.naftemporiki.gr,5000,News & Media | Entertainment
https://readli.net,5000,Education
https://www.instacart.com,10000,Food & Drink | Society & Lifestyle
https://www.livescore.mobi,5000,Sports
https://cuevana.bi,5000,Movies | Entertainment | Questionable Activities | Questionable Content | Video Streaming | CIPA Filter | CIPA
https://syosetu.com,5000,Education
https://www.kabum.com.br,5000,Content Servers | Technology
https://www.bd-pratidin.com,10000,News & Media | Entertainment
https://us4.proxysite.com,5000,CIPA Filter | CIPA
https://picrew.me,5000,Technology
https://www.gwars.io,5000,Gaming | Entertainment
https://m.my.mail.ru,5000,Webmail | Internet Communication
https://www.bajajfinserv.in,5000,Economy & Finance | Business & Economy | Personal Finance
https://www.zalando.es,5000,Fashion | Society & Lifestyle | Clothing | Ecommerce | Shopping & Auctions
https://access.workspace.google.com,5000,Business | Business & Economy
https://egramswaraj.gov.in,5000,Information Security | Internet Communication
https://www.vijaysales.com,10000,Technology | Ecommerce | Shopping & Auctions | Information Technology
https://themoviebox.org,5000,Movies | Entertainment | Questionable Activities | Questionable Content | Video Streaming | CIPA Filter | CIPA
https://yny9autodawo.com,10000,Gambling | Gaming | Entertainment | CIPA Filter | CIPA
https://www.newgrounds.com,5000,Gaming | Entertainment | Video Streaming
https://fuckmoral.com,5000,Pornography | Adult Themes | CIPA Filter | CIPA | Nudity
https://www.rtve.es,5000,Video Streaming | Entertainment | Television | News & Media
https://meteofor.lt,5000,Weather
https://www.allrecipes.com,5000,Food & Drink | Society & Lifestyle
https://proxyium.com,5000,CIPA Filter | CIPA
https://www.atptour.com,5000,Sports | Video Streaming | Entertainment | News & Media
https://dailyhindiadda.com,5000,News & Media | Entertainment
https://poczta.o2.pl,5000,Webmail | Internet Communication
https://www.wajibati.net,5000,Education
https://www.pornogratisdiario.com,5000,Pornography | Adult Themes | CIPA Filter | CIPA
https://www.o2.pl,5000,News & Media | Entertainment
https://xn--2-wxfax2bxc9bzguc.com,5000,CIPA Filter | CIPA | Pornography | Adult Themes
https://www.betexplorer.com,10000,CIPA Filter | CIPA | Gambling
https://www.albumaty.com,5000,Audio Streaming | Entertainment
https://news.sky.com,5000,News & Media | Entertainment
https://www.flashscore.pe,5000,Sports
https://starlink.com,5000,Information Technology | Technology
https://www.justetf.com,10000,Brokerage & Investing | Business & Economy | Reference | Education | Shareware/Freeware | Technology
https://privatehomeclips.com,10000,Pornography | Adult Themes | CIPA Filter | CIPA
https://www.99acres.com,5000,Real Estate
https://laodong.vn,5000,"News & Media | Entertainment | News, Portal & Search | Technology"
https://www.apartments.com,5000,Real Estate
https://www.tiempo.com,5000,News & Media | Entertainment | Weather
https://www.sports.fr,5000,News & Media | Entertainment | Sports
https://places.mercadolivre.com.br,5000,Auctions & Marketplaces | Shopping & Auctions
https://tubitv.com,10000,Movies | Entertainment | Video Streaming | Television
https://www.siamsport.co.th,10000,Sports | Video Streaming | Entertainment
https://vietnamnet.vn,5000,Video Streaming | Entertainment | News & Media
https://tters.jp,10000,Personal Blogs | Internet Communication
https://oyo4d.com,5000,Content Servers | Technology
https://www.argenprop.com,5000,Real Estate
https://lok-lok.cc,5000,Movies | Entertainment
https://www1.aade.gr,5000,"Politics, Advocacy, and Government-Related | Government & Politics"
https://shop.lululemon.com,10000,Fashion | Society & Lifestyle | Clothing | Ecommerce | Shopping & Auctions
https://preply.com,5000,Education
https://www.flashscore.ua,5000,Gambling | CIPA Filter | CIPA | Sports
https://amp.resultadofacil.com.br,5000,Gambling | CIPA Filter | CIPA
https://www.mp4moviez.cooking,5000,CIPA Filter | CIPA | Movies | Entertainment | Questionable Activities | Questionable Content | Video Streaming
https://www.clickbus.com.br,10000,Travel
https://napiszex.com,5000,Pornography | Adult Themes | CIPA Filter | CIPA
https://hdtodayz.to,5000,Questionable Activities | Questionable Content | Video Streaming | Entertainment | CIPA Filter | CIPA | Movies
https://eu19.proxysite.com,5000,CIPA Filter | CIPA
https://www.flashscorekz.com,5000,Gambling | Sports | CIPA Filter | CIPA
https://xhamster3.com,5000,Pornography | Adult Themes | CIPA Filter | CIPA
https://lingbokep.com,10000,Pornography | Adult Themes | CIPA Filter | CIPA
https://www.fow.lol,5000,Gaming | Entertainment
https://indianxxxvideos.link,5000,Pornography | Adult Themes | CIPA Filter | CIPA
https://www.centris.ca,5000,Real Estate
https://manhwaclan.com,5000,CIPA Filter | CIPA | Comic Books | Entertainment | Adult Themes
https://allegro.cz,5000,Travel
https://www.embalses.net,5000,Business | Business & Economy
https://www.centrum24.pl,5000,Personal Finance | Business & Economy
https://www.genspark.ai,5000,Artificial Intelligence | Technology
https://bizimhesap.com,5000,Economy & Finance | Business & Economy | Shareware/Freeware | Technology
https://nikkei225jp.com,5000,Personal Finance | Business & Economy
https://iccku.com,5000,Business | Business & Economy
https://infoabgviral.baby,5000,News & Media | Entertainment
https://www.888scoreonline.net,5000,Sports | Gambling | CIPA Filter | CIPA
https://baam.bmi.ir,10000,Personal Finance | Business & Economy
https://2.mintmanga.one,5000,Adult Themes | Comic Books | Entertainment | CIPA Filter | CIPA
https://www.tagesspiegel.de,5000,News & Media | Entertainment
https://outbidplacardshowman.com,5000,Advertisements | Ads | Information Security | Internet Communication
https://www.therapynotes.com,5000,Business | Business & Economy | Health & Fitness | Health | Technology
https://futbol-11.com,5000,Gaming | Entertainment
https://www.isna.ir,5000,News & Media | Entertainment
https://www.vrt.be,5000,Television | Entertainment
https://www.sport24.gr,5000,Sports | News & Media | Entertainment
https://www.2ememain.be,10000,Auctions & Marketplaces | Shopping & Auctions
https://videystream.asia,5000,Adult Themes | Video Streaming | Entertainment | CIPA Filter | CIPA
https://exclusive-spin.com,5000,CIPA Filter | CIPA
https://forums.spacebattles.com,5000,Hobbies & Interests | Society & Lifestyle | Forums | Internet Communication | Gaming | Entertainment
https://www.avaeduc.com.br,10000,Education
https://www.google.co.jp,5000,"News, Portal & Search | Technology | Search Engines"
https://www.bankofamerica.com,5000,Personal Finance | Business & Economy
https://www.livescience.com,5000,Science | Education | Magazines | Entertainment
https://slicedrivexnx.com,1000,
https://www.xnxx-arabic.com,1000,CIPA Filter | CIPA | Pornography | Adult Themes
https://www.otomoto.pl,1000,Vehicles
https://lms.lausd.net,1000,Login Screens | Miscellaneous
https://divar.ir,1000,Auctions & Marketplaces | Shopping & Auctions
https://www.lowes.com,1000,Ecommerce | Shopping & Auctions
https://rider.packzy.com,1000,
https://liteapks.com,1000,Gaming | Entertainment | Shareware/Freeware | Technology
https://m.cricbuzz.com,1000,
https://de.xvideos.com,1000,CIPA Filter | CIPA | Pornography | Adult Themes
https://www.kohls.com,1000,Ecommerce | Shopping & Auctions | Shopping
https://www.playtime.ph,1000,Gambling | CIPA Filter | CIPA
https://www.pravda.com.ua,1000,
https://trilltrill.jp,1000,Magazines | Entertainment
https://cnnespanol.cnn.com,1000,
https://fr.pornhub.com,1000,
https://www.gob.mx,1000,"Travel | Politics, Advocacy, and Government-Related | Government & Politics"
https://sssinstagram.com,1000,Photography | Society & Lifestyle | Technology | Shareware/Freeware
https://serviziweb2.inps.it,1000,Government/Legal | Government & Politics | Reference | Education
https://www.seznam.cz,1000,News & Media | Entertainment
https://www.idealista.com,1000,Real Estate
https://www.abc.es,1000,News & Media | Entertainment
https://www.espn.com,1000,Sports
https://clever.com,1000,Technology
https://return.gst.gov.in,1000,
https://hanime1.me,1000,CIPA Filter | CIPA | Pornography | Adult Themes
https://ar.xhamster.com,1000,
https://sellercentral.amazon.in,1000,
https://pet.gree-apps.net,1000,
https://web.spaggiari.eu,1000,
https://es.stripchat.com,1000,Adult Themes | Pornography | CIPA Filter | CIPA | Chat | Internet Communication
https://app.freecash.com,1000,
https://testing.illuminateed.com,1000,Education
https://vahan.parivahan.gov.in,1000,
https://www.cnnbrasil.com.br,1000,News & Media | Entertainment | Video Streaming
https://ncode.syosetu.com,1000,Education
https://auth.platorelay.com,1000,
https://blacktoon410.com,1000,
https://finance.naver.com,1000,
https://homepage.vivo.com,1000,
https://www.bestbuy.com,1000,Ecommerce | Shopping & Auctions | Shopping
https://crn77.com,1000,Content Servers | Technology
https://www.wp.pl,1000,News & Media | Entertainment
https://kingbokep.tv,1000,Pornography | Adult Themes | CIPA Filter | CIPA
https://hi.xhamster.desi,1000,
https://www.crazygames.com,1000,Gaming | Entertainment
https://ara.xhamster.com,1000,
https://www.5movierulz.futbol,1000,Movies | Entertainment | Questionable Activities | Questionable Content | Video Streaming | CIPA Filter | CIPA
https://kolkataff.in,1000,CIPA Filter | CIPA | Gambling
https://scholar.google.com,1000,Search Engines | Technology
https://new3.hdhub4u.fo,1000,
https://www.youporn.com,1000,Pornography | Adult Themes | CIPA Filter | CIPA
https://www.lequipe.fr,1000,Sports | News & Media | Entertainment
https://koleksifilm-dewasa.online,1000,"News, Portal & Search | Technology | Search Engines"
https://www.cargurus.com,1000,Vehicles
https://cdn.pla3.com,1000,
https://www.namasha.com,1000,Video Streaming | Entertainment
https://fa.wikipedia.org,1000,
https://www.leparisien.fr,1000,News & Media | Entertainment
https://www.sofascore.com,1000,
https://www.repubblica.it,1000,Video Streaming | Entertainment | News & Media
https://yandex.com,1000,Search Engines | Technology | Webmail | Internet Communication
https://www.foxnews.com,1000,News & Media | Entertainment
https://www.discogs.com,1000,Audio Streaming | Entertainment | Music
https://nnnkx2.tv,1000,Pornography | Adult Themes | CIPA Filter | CIPA
https://web.whatsapp.com,1000,
https://case-battle.in,1000,
https://www.theblowers.com,1000,CIPA Filter | CIPA | Dating & Relationships | Society & Lifestyle | Pornography | Adult Themes
https://www.ilfattoquotidiano.it,1000,Video Streaming | Entertainment | News & Media
https://www.xnxx.es,1000,Pornography | Adult Themes | CIPA Filter | CIPA
https://login.classlink.com,1000,
https://www.avito.ru,1000,Auctions & Marketplaces | Shopping & Auctions
https://schools.emaktab.uz,1000,
https://psafebet8.com,1000,
https://groww.in,1000,
https://www.oolveri.com,1000,Pornography | Adult Themes | CIPA Filter | CIPA
https://www.nu.nl,1000,News & Media | Entertainment
https://darkero.com,1000,Pornography | Adult Themes | CIPA Filter | CIPA
https://launchpad.classlink.com,1000,
https://ecnavi.jp,1000,Shopping | Shopping & Auctions
https://www.ecosia.org,1000,Search Engines | Technology | Charity and Non-profit | Government & Politics
https://www.jusbrasil.com.br,1000,Government/Legal | Government & Politics
https://www.amazon.co.jp,1000,Ecommerce | Shopping & Auctions
https://letsporn.com,1000,Pornography | Adult Themes | CIPA Filter | CIPA
https://video.ijavhd.com,1000,
https://www.ebay.it,1000,Auctions & Marketplaces | Shopping & Auctions
https://france3-regions.franceinfo.fr,1000,
https://momon-ga.com,1000,Pornography | Adult Themes | CIPA Filter | CIPA
https://passbook.epfindia.gov.in,1000,
https://static.playtime.ph,1000,
https://it.xvideos.com,1000,Pornography | Adult Themes | CIPA Filter | CIPA
https://www.google.com,1000,"Search Engines | Technology | News, Portal & Search"
https://nouen.sp.mbga.jp,1000,Gaming | Entertainment
https://www.uol.com.br,1000,News & Media | Entertainment
https://new6.filesdl.top,1000,
https://cz.pornhub.com,1000,
https://news.livedoor.com,1000,News & Media | Entertainment
https://www.jalan.net,1000,Travel
https://uranai.nosv.org,1000,Education
https://es.eporner.com,1000,
https://www.5movierulz.tires,1000,Questionable Activities | Questionable Content | Video Streaming | Entertainment | CIPA Filter | CIPA | Movies
https://m.shein.com,1000,
https://labs.google,1000,Education | Technology
https://www.betway.co.bw,1000,Gambling | CIPA Filter | CIPA
https://fr.xgroovy.com,1000,
https://bet.caliente.mx,1000,
https://ww1.goojara.to,1000,
https://www.eporner.com,1000,Pornography | Adult Themes | CIPA Filter | CIPA
https://www.bet365.com,1000,Sports | Gambling | CIPA Filter | CIPA
https://m.avito.ru,1000,Auctions & Marketplaces | Shopping & Auctions
https://portal.librus.pl,1000,
https://www.calculator.net,1000,Personal Finance | Business & Economy
https://arca.live,1000,Forums | Internet Communication
https://sarkariresult.com.cm,1000,Job Search & Careers
https://client.dkitrxmdwoqruvsi.net,1000,
https://form.kemkes.go.id,1000,
https://business.google.com,1000,
https://www.adobe.com,1000,Technology
https://es.pornhub.com,1000,
https://botinok.porn,1000,Pornography | Adult Themes | CIPA Filter | CIPA
https://m.gsmarena.com,1000,
https://zozo.jp,1000,Ecommerce | Shopping & Auctions
https://xorgasmo.com,1000,CIPA Filter | CIPA | Pornography | Adult Themes
https://www.varzesh3.com,1000,News & Media | Entertainment | Sports | Video Streaming
https://search.rakuten.co.jp,1000,Ecommerce | Shopping & Auctions
https://faphouse.tv,1000,Pornography | Adult Themes | CIPA Filter | CIPA
https://s.mogg.ameba.jp,1000,
https://namu.wiki,1000,Education
https://hrms.indianrail.gov.in,1000,
https://m.tabor.ru,1000,
https://m.ok.ru,1000,Social Networks | Society & Lifestyle | Video Streaming | Entertainment
https://hspx.hotstar.com,1000,
https://www.accuweather.com,1000,Weather
https://m.autoplius.lt,1000,
https://cerita-anaksma.online,1000,"News, Portal & Search | Technology | Search Engines"
https://www.disneyplus.com,1000,Safe for Kids | Video Streaming | Entertainment | Movies
https://amp.xvideos.com,1000,
https://loteriadehoy.com,1000,Gambling | CIPA Filter | CIPA
https://tvn24.pl,1000,News & Media | Entertainment
https://sp.oddspark.com,1000,
https://www.filmyzilla32.com,1000,Movies | Entertainment | Questionable Activities | Questionable Content | Video Streaming | CIPA Filter | CIPA
https://www.bt.dk,1000,News & Media | Entertainment
https://cdn.gfpxw.com,1000,CIPA Filter | CIPA
https://bbs.ruliweb.com,1000,
https://www.researchgate.net,1000,Education
https://fra.xhamster.com,1000,
https://services.gst.gov.in,1000,
https://faq.whatsapp.com,1000,
https://www.costco.com,1000,Ecommerce | Shopping & Auctions
https://www.rexporn.sex,1000,Pornography | Adult Themes | CIPA Filter | CIPA
https://beauty.hotpepper.jp,1000,
https://www.furaffinity.net,1000,Arts | Entertainment | Fine Art | Photography | Society & Lifestyle
https://onlyfans.com,1000,Adult Themes | CIPA Filter | CIPA | Pornography
https://www.aajtak.in,1000,News & Media | Entertainment
https://m.happymh.com,1000,
https://sxyprn.com,1000,Pornography | Adult Themes | CIPA Filter | CIPA
https://m.inven.co.kr,1000,
https://www.focus.de,1000,News & Media | Entertainment | Video Streaming
https://www.carsensor.net,1000,Vehicles
https://apps.apple.com,1000,Shareware/Freeware | Technology
https://www.nrk.no,1000,News & Media | Entertainment
https://www.proxysite.com,1000,CIPA Filter | CIPA
https://spankbang.party,1000,CIPA Filter | CIPA | Pornography | Adult Themes
https://www.xvideos-ar.com,1000,Pornography | Adult Themes | CIPA Filter | CIPA
https://www.betway.co.za,1000,Gambling | Sports | CIPA Filter | CIPA
https://synergia.librus.pl,1000,
https://www.amazon.es,1000,Ecommerce | Shopping & Auctions
https://www.qorno.com,1000,Pornography | Adult Themes | CIPA Filter | CIPA | Nudity
https://ge.xhamster.desi,1000,
https://item.rakuten.co.jp,1000,
https://kolkataff.tv,1000,Personal Blogs | Internet Communication | CIPA Filter | CIPA | Gambling
https://kinnser.net,1000,Login Screens | Miscellaneous
https://x.ijavhd.com,1000,
https://pmkisan.gov.in,1000,"Politics, Advocacy, and Government-Related | Government & Politics"
https://shopee.com.br,1000,Ecommerce | Shopping & Auctions
https://www.is.fi,1000,News & Media | Entertainment
https://image.pi7.org,1000,
https://detail.chiebukuro.yahoo.co.jp,1000,Forums | Internet Communication
https://actu.fr,1000,News & Media | Entertainment
https://ja.wikipedia.org,1000,
https://www.ups.com,1000,Business | Business & Economy
https://www.twitch.tv,1000,Video Streaming | Entertainment
https://www.taktube.net,1000,Pornography | Adult Themes | CIPA Filter | CIPA
https://supplier.meesho.com,1000,
https://myapps.classlink.com,1000,
https://www.gov.br,1000,"Politics, Advocacy, and Government-Related | Government & Politics"
https://xvideosputaria.com,1000,Content Servers | Technology
https://www.sugotoku.docomo.ne.jp,1000,News & Media | Entertainment
https://pt.wikipedia.org,1000,Reference | Education
https://x.porno666.fo,1000,CIPA Filter | CIPA | Pornography | Adult Themes
https://open.spotify.com,1000,Audio Streaming | Entertainment
https://ey43.com,1000,CIPA Filter | CIPA
https://en.wikipedia.org,1000,
https://support.google.com,1000,Technology | Reference | Education
https://www.flashscore.mobi,1000,Sports
https://weathernews.jp,1000,Weather | News & Media | Entertainment
https://sextop1.page,1000,CIPA Filter | CIPA
https://www.freesexkahani.com,1000,Pornography | Adult Themes | CIPA Filter | CIPA
https://www.etsy.com,1000,Ecommerce | Shopping & Auctions
https://t.me,1000,Instant Messengers | Internet Communication
https://videyle.co,1000,
https://rt.pornhub.com,1000,
https://www.cdiscount.com,1000,Ecommerce | Shopping & Auctions
https://goal7.co,1000,Gambling | CIPA Filter | CIPA
https://api.id.me,1000,Information Security | Internet Communication
https://sexbebin.com,1000,Pornography | Adult Themes | CIPA Filter | CIPA
https://www.staseraintv.com,1000,
https://m.place.naver.com,1000,
https://www.ladepeche.fr,1000,News & Media | Entertainment
https://www.5movierulz.social,1000,
https://www2.hm.com,1000,
https://ads.google.com,1000,
https://m.bild.de,1000,Video Streaming | Entertainment | News & Media
https://www.porn300.com,1000,Pornography | Adult Themes | CIPA Filter | CIPA
https://grok.com,1000,Artificial Intelligence | Technology | Chat | Internet Communication
https://pl.wikipedia.org,1000,
https://www.ebay.de,1000,Auctions & Marketplaces | Shopping & Auctions
https://link.coupang.com,1000,Ecommerce | Shopping & Auctions
https://search.yahoo.com,1000,Search Engines | Technology
https://x.com,1000,Social Networks | Society & Lifestyle
https://pt.xhamster.com,1000,CIPA Filter | CIPA | Pornography | Adult Themes
https://ya.ru,1000,Search Engines | Technology
https://www.nbcnews.com,1000,News & Media | Entertainment | Video Streaming
https://ad-contents.jp,1000,Personal Blogs | Internet Communication
https://www.idnes.cz,1000,News & Media | Entertainment | Video Streaming
https://www.freepornvideo.sex,1000,Pornography | Adult Themes | CIPA Filter | CIPA
https://www.polovniautomobili.com,1000,Vehicles
https://letterboxd.com,1000,Social Networks | Society & Lifestyle | Movies | Entertainment
https://escortalligator.com.listcrawler.eu,1000,Adult Themes | CIPA Filter | CIPA
https://m.9ffyu1g9c.com,1000,
https://examinationservices.nic.in,1000,Education
https://www.navitime.co.jp,1000,Travel
https://pl.xhamster.com,1000,
https://www.njuskalo.hr,1000,Auctions & Marketplaces | Shopping & Auctions
https://porn5xxx.cc,1000,Pornography | Adult Themes | CIPA Filter | CIPA
https://cardgames.io,1000,Hobbies & Interests | Society & Lifestyle | Gaming | Entertainment
https://moviebox.ph,1000,Movies | Entertainment | Questionable Activities | Questionable Content | Video Streaming | CIPA Filter | CIPA
https://as.com,1000,
https://zh.wikipedia.org,1000,Education | Reference
https://yandex.kz,1000,News & Media | Entertainment
https://www.vlr.gg,1000,Gaming | Entertainment
https://www.pornhub.org,1000,CIPA Filter | CIPA | Pornography | Adult Themes
https://www.tnaflix.com,1000,Pornography | Adult Themes | CIPA Filter | CIPA
https://7games.bet.br,1000,
https://ru.xhamster.com,1000,
https://m.rusoska3.net,1000,Pornography | Adult Themes | CIPA Filter | CIPA
https://archive.org,1000,Reference | Education
https://a24.app.gree-pf.net,1000,Login Screens | Miscellaneous
https://www.ilmeteo.it,1000,News & Media | Entertainment | Weather
https://xham.live,1000,CIPA Filter | CIPA | Pornography | Adult Themes
https://www.tamilsexzone.com,1000,Pornography | Adult Themes | CIPA Filter | CIPA
https://ukdevilz.com,1000,Pornography | Adult Themes | CIPA Filter | CIPA
https://shopee.co.id,1000,Ecommerce | Shopping & Auctions
https://nl.pornhub.com,1000,
https://www.xvideos2.com,1000,Pornography | Adult Themes | CIPA Filter | CIPA
https://missav123.com,1000,Pornography | Adult Themes | CIPA Filter | CIPA
https://www.hurriyet.com.tr,1000,News & Media | Entertainment | Video Streaming
https://zoom.us,1000,Technology
https://ameblo.jp,1000,Personal Blogs | Internet Communication
https://www.hasznaltauto.hu,1000,Vehicles
https://18comic.vip,1000,Pornography | Adult Themes | CIPA Filter | CIPA
https://pt.pornhub.com,1000,
https://www.whatsapp.com,1000,Internet Phone & VOIP | Internet Communication | Instant Messengers
https://sp.pf.mbga.jp,1000,
https://www.booking.com,1000,Travel
https://wol.jw.org,1000,
https://www.asahi.com,1000,News & Media | Entertainment
https://sp.jra.jp,1000,Gambling | Sports | CIPA Filter | CIPA
https://accounts.google.com,1000,Technology
https://id.xhsocial.com,1000,
https://ita.xhamster.com,1000,
https://cookpad.com,1000,Social Networks | Society & Lifestyle
https://n.news.naver.com,1000,
https://www.ixxx.com,1000,Pornography | Adult Themes | CIPA Filter | CIPA
https://joinindianarmy.nic.in,1000,Military | Military & Weapons
https://www.tjk.org,1000,Sports | Gambling | CIPA Filter | CIPA
https://de.wikipedia.org,1000,Reference | Education
https://emaktab.uz,1000,
https://m.scan-manga.com,1000,
https://en.luxuretv.com,1000,
https://www.boursorama.com,1000,News & Media | Entertainment | Economy & Finance | Business & Economy
https://pornone.com,1000,Adult Themes | CIPA Filter | CIPA | Pornography | Nudity
https://www.index.hr,1000,News & Media | Entertainment
https://www.clarin.com,1000,News & Media | Entertainment
https://m.ruliweb.com,1000,
https://w.porno365.gold,1000,
https://limo.media,1000,News & Media | Entertainment
https://de.pornhub.com,1000,
https://jp.pornhub.com,1000,CIPA Filter | CIPA | Pornography | Adult Themes
https://translate.google.com,1000,
https://cn.pornhub.com,1000,
https://payments.gcash.com,1000,
https://9animetv.to,1000,Cartoons & Anime | Entertainment | Video Streaming
https://unifiedportal-mem.epfindia.gov.in,1000,
https://persona.patria.org.ve,1000,
https://br.xhamster.com,1000,
https://classroom.google.com,1000,Education | Technology
https://www.xnxx.com,1000,Pornography | Adult Themes | CIPA Filter | CIPA
https://maynoe.com,1000,Pornography | Adult Themes | CIPA Filter | CIPA
https://duckduckgo.com,1000,Search Engines | Technology
https://aniwatchtv.to,1000,
https://info.gtk.kemendikdasmen.go.id,1000,
https://suumo.jp,1000,
https://tools.usps.com,1000,
https://m.betking.com,1000,
https://www.mercadolibre.com.ar,1000,
https://www.24h.com.vn,1000,News & Media | Entertainment
https://auto.bazos.sk,1000,
https://policies.google.com,1000,
https://tv.anwap.today,1000,
https://giris.turkiye.gov.tr,1000,
https://wiadomosci.wp.pl,1000,
https://thisvid.com,1000,Pornography | Adult Themes | CIPA Filter | CIPA
https://myxh.live,1000,
https://es.xhamster.com,1000,
https://retail.sbi.bank.in,1000,
https://it.pornhub.com,1000,
https://newsdig.tbs.co.jp,1000,
https://abgligarchan.com,1000,"News, Portal & Search | Technology | Search Engines"
https://jp.xhamster.com,1000,
https://www.ryanair.com,1000,Travel
https://ltms.medu.ir,1000,
https://www.desitelugusex.com,1000,CIPA Filter | CIPA | Pornography | Adult Themes
https://www.nikkei.com,1000,News & Media | Entertainment
https://mail.ru,1000,Webmail | Internet Communication
https://fr.xvideos.com,1000,
https://pikabu.ru,1000,Video Streaming | Entertainment | Social Networks | Society & Lifestyle
https://login.caixa.gov.br,1000,
https://outlook.office365.com,1000,
https://www.xnxx.tv,1000,
https://pixabay.com,1000,Photography | Society & Lifestyle
https://xtovideo.com,1000,Login Screens | Miscellaneous
https://nickfinder.com,1000,Reference | Education
https://sattamatkano1.me,1000,
https://betao.bet.br,1000,
https://hi.xhamster44.desi,1000,
https://m.dcinside.com,1000,
https://login.emaktab.uz,1000,
https://yadong.party,1000,
https://jp.mercari.com,1000,
https://m.naver.com,1000,
https://tw.stock.yahoo.com,1000,
https://video2.xxxpostpic.org,1000,
https://pl.escort.club,1000,Adult Themes | CIPA Filter | CIPA
https://dmarket.docomo.ne.jp,1000,
https://admin.shopify.com,1000,
https://my.xhtotal.com,1000,
https://s5.sir.sportradar.com,1000,
https://www.yako03.com,1000,
https://sattamatkadpboss.co,1000,Gambling | CIPA Filter | CIPA
https://m.flashscore.fr,1000,
https://www.ndr.de,1000,
https://www.theguardian.com,1000,News & Media | Entertainment
https://service.smt.docomo.ne.jp,1000,
https://wiadomosci.onet.pl,1000,News & Media | Entertainment
https://xhonline.blog,1000,Pornography | Adult Themes | CIPA Filter | CIPA
https://www.rightmove.co.uk,1000,
https://www.5movierulz.travel,1000,
https://zebawy.com,1000,
https://www.instagram.com,1000,
https://www.elmundo.es,1000,News & Media | Entertainment | Video Streaming
https://auctions.yahoo.co.jp,1000,
https://race.sp.netkeiba.com,1000,
https://m.ss.com,1000,
https://m.site777.jp,1000,
https://jaya9bangladesh.com,1000,
https://www.twpornstars.com,1000,
https://v.daum.net,1000,
https://bbs.animanch.com,1000,
https://in.search.yahoo.com,1000,
https://www.yomiuri.co.jp,1000,News & Media | Entertainment
https://www.capcut.com,1000,Technology
https://voters.eci.gov.in,1000,
https://m.fmkorea.com,1000,
https://www.sozcu.com.tr,1000,News & Media | Entertainment
https://hdhub4u.catering,1000,
https://new4.hdhub4u.fo,1000,
https://www.hotstar.com,1000,Television | Entertainment | Movies | Video Streaming
https://www.bet365.bet.br,1000,
https://ge.xhamster44.desi,1000,
https://www.youjizz.com,1000,
https://www.irs.gov,1000,
https://www.casinoplus.com.ph,1000,
https://www.macys.com,1000,Ecommerce | Shopping & Auctions | Shopping
https://discord.com,1000,
https://amp.xnxx.com,1000,
https://m.ppomppu.co.kr,1000,
https://www.redfin.com,1000,
https://www.tala.ir,1000,
https://iporntv.net,1000,
https://store.supercell.com,1000,
https://boardgamearena.com,1000,
https://www.naver.com,1000,
https://aster668.com,1000,
https://rt.pornhub.org,1000,
https://pl.pornhub.com,1000,
https://sp.mbga.jp,1000,
https://digital.fidelity.com,1000,
https://tv8.lk21official.cc,1000,
https://direct.lc.chat,1000,
https://www.alibaba.com,1000,
https://snaptik.app,1000,Technology
https://stdn.iau.ir,1000,
https://coretaxdjp.pajak.go.id,1000,
https://m.search.naver.com,1000,
https://studio.youtube.com,1000,
https://asd.pics,1000,
https://www.terra.com.br,1000,
https://salonboard.com,1000,
https://de.pornhub.org,1000,
https://login.account.rakuten.com,1000,
https://cdn.ak2yy.com,1000,
https://hil.xhamster44.desi,1000,
https://in.pinterest.com,1000,
https://www.xvv1deos.com,1000,Pornography | Adult Themes | CIPA Filter | CIPA
https://sexalarab.com,1000,
https://hiroba.dpoint.docomo.ne.jp,1000,
https://m.olx.pl,1000,Auctions & Marketplaces | Shopping & Auctions
https://m.skelbiu.lt,1000,
https://schools.madrasati.sa,1000,
https://cdn.aucey.com,1000,
https://play.blooket.com,1000,
https://chatgpt.com,1000,
https://produto.mercadolivre.com.br,1000,
https://sexdep.blog,1000,
https://email.seznam.cz,1000,
https://quizlet.com,1000,
https://hi.xhamster1.desi,1000,
https://kkstories.com,1000,Adult Themes | CIPA Filter | CIPA
https://anichin.cafe,5000,Cartoons & Anime | Entertainment
https://www.wayfair.co.uk,10000,
https://www.apollohospitals.com,10000,
https://centrodeapuestaselrey.com.ve,10000,
https://servicos.acesso.gov.br,10000,"Technology | Politics, Advocacy, and Government-Related | Government & Politics"
https://lms30.santillanacompartir.com,10000,
https://happymodd.org,10000,Gaming | Entertainment | Shareware/Freeware | Technology
https://www.cgtn.com,10000,News & Media | Entertainment | Video Streaming
https://pt.xgroovy.com,10000,
https://qizam.az,10000,
https://desiporn.link,10000,Pornography | Adult Themes | CIPA Filter | CIPA
https://www.noticiascaracol.com,10000,
https://www.mexc.com,5000,
https://www.centauro.com.br,10000,Ecommerce | Shopping & Auctions
https://xn--h-k9tybb8g5ivhkczry701afhpm4sru6d.net,10000,Pornography | Adult Themes | CIPA Filter | CIPA
https://mob.arabx88.mobi,5000,
https://ee.kobotoolbox.org,10000,
https://www.startech.com.bd,5000,Ecommerce | Shopping & Auctions
https://www.porntv.com,10000,
https://www.easyjet.com,5000,
https://licindia.in,5000,Economy & Finance | Business & Economy
https://nlc.hu,10000,
https://m.espacejeux.com,10000,
https://jili58c.com,10000,
https://my.keirin.kdreams.jp,5000,
https://cloud.mail.ru,10000,
https://lis.deped.gov.ph,5000,
https://www.muslima.com,10000,Dating & Relationships | Society & Lifestyle
https://www.israelhayom.co.il,10000,News & Media | Entertainment
https://fr.xxxi.porn,10000,
https://manowar.hover.to,5000,
https://ivancity.com,5000,
https://quran.ksu.edu.sa,10000,
https://www.tvnet.lv,10000,
https://cashiernew.blue-pay.vip,5000,
https://xn--72ca1b0f3bvd2c.com,10000,
https://www.chinatimes.com,5000,
https://admin.poshantracker.in,10000,
https://tgstat.com,10000,
https://www.basspro.com,10000,
https://bringatrailer.com,10000,Vehicles
https://csgoskins.gg,10000,Weapons | Military & Weapons | CIPA Filter | CIPA | Gaming | Entertainment | Shopping | Shopping & Auctions
https://movies2watch.tv,10000,Movies | Entertainment | Video Streaming | Questionable Activities | Questionable Content | CIPA Filter | CIPA
https://ddder89kjckf.com,10000,
https://pm.by,10000,Gambling | CIPA Filter | CIPA
https://darukade.com,10000,Health & Fitness | Health
https://link.springer.com,5000,Education | Reference
https://xsuboo.com,10000,Pornography | Adult Themes | CIPA Filter | CIPA
https://login.libero.it,5000,
https://www.lotteryextreme.com,10000,CIPA Filter | CIPA | Gambling
https://www.itemku.com,10000,Ecommerce | Shopping & Auctions | Gaming | Entertainment
https://www.lotteryusa.com,10000,CIPA Filter | CIPA | Gambling
https://eplus.jp,10000,Entertainment
https://www.ladbrokes.com,5000,
https://wbpds.wb.gov.in,10000,
https://www.lavenir.net,10000,News & Media | Entertainment
https://www.athletic.net,10000,Sports | Personal Blogs | Internet Communication
https://telewebion.com,5000,
https://cas.iti.br,5000,
https://www.gigasena.com.br,10000,Gambling | CIPA Filter | CIPA
https://accounts.intuit.com,10000,
https://forums.socialmediagirls.com,5000,Forums | Internet Communication | Pornography | Adult Themes | CIPA Filter | CIPA
https://candy.ai,10000,Adult Themes | CIPA Filter | CIPA | Hobbies & Interests | Society & Lifestyle | Artificial Intelligence | Technology
https://en.uptodown.com,10000,File Sharing | Technology
https://doodles.google,10000,Hobbies & Interests | Society & Lifestyle
https://vailonxx.live,10000,Pornography | Adult Themes | CIPA Filter | CIPA
https://plutonos.uno,10000,
https://556pwa.com,10000,
https://notube.net,10000,Information Technology | Technology
https://www.mos.jp,10000,Food & Drink | Society & Lifestyle
https://www.khabarfoori.com,10000,News & Media | Entertainment
https://www.allpanelexch.app,5000,
https://www.sofi.com,10000,Personal Finance | Business & Economy
https://moushikomi-uketsukekun.com,10000,Technology
https://uketsuke.e-tax.nta.go.jp,10000,
https://vlxx88.biz,10000,Pornography | Adult Themes | CIPA Filter | CIPA
https://www.milanotoday.it,10000,Video Streaming | Entertainment | News & Media
https://slovenskenovice.delo.si,10000,
https://www.jps.go.cr,10000,Gambling | CIPA Filter | CIPA
https://www.tripadvisor.com.br,10000,Shopping | Shopping & Auctions
https://www.lanuovasardegna.it,10000,News & Media | Entertainment
https://gzone.ph,5000,
https://1x1x5.com,5000,CIPA Filter | CIPA | Pornography | Adult Themes
https://pxoki81qhmq.xoki81qhmq.com,10000,
https://www.livechennai.com,10000,Information Technology | Technology | Photography | Society & Lifestyle
https://animestore.docomo.ne.jp,5000,
https://rajabandotsuper96.com,10000,
https://olxmin.com,10000,Travel
https://spgirl.cityheaven.net,5000,
https://www.sonovinhasbr.com,10000,Pornography | Adult Themes | CIPA Filter | CIPA
https://www.sams.com.mx,10000,Ecommerce | Shopping & Auctions
https://www.naralsex.com,10000,Pornography | Adult Themes | CIPA Filter | CIPA
https://www.oppo.com,5000,Technology
https://prodoctorov.ru,5000,Search Engines | Technology | Health & Fitness | Health
https://pro-manager.cityheaven.net,10000,
https://www.peek-cloppenburg.de,10000,Clothing | Society & Lifestyle | Ecommerce | Shopping & Auctions
https://app.c-serpgh.com,5000,
https://777.ua,10000,Gambling | CIPA Filter | CIPA
https://www.vijesti.me,5000,News & Media | Entertainment
https://international.sindonews.com,10000,
https://es.flightaware.com,10000,
https://sso.snpmb.id,10000,
https://finals.travian.com,10000,
https://tiktokio.net,10000,Technology | Shareware/Freeware
https://store.galaxy-of-heroes.starwars.ea.com,10000,
https://www.gastronom.ru,10000,Magazines | Entertainment | Food & Drink | Society & Lifestyle
https://www.proxibid.com,10000,Ecommerce | Shopping & Auctions
https://mcashier.dfbocai.net,10000,
https://mijn.overheid.nl,10000,"Politics, Advocacy, and Government-Related | Government & Politics | Technology"
https://polki.pl,10000,Magazines | Entertainment | Reference | Education
https://www.xtits.xxx,10000,CIPA Filter | CIPA | Pornography | Adult Themes
https://casebook.citizensadvice.org.uk,10000,
https://animanch.com,10000,Personal Blogs | Internet Communication | Comic Books | Entertainment
https://www.lezzet.com.tr,10000,Food & Drink | Society & Lifestyle
https://plati.market,10000,Technology | Ecommerce | Shopping & Auctions
https://www.mawada.net,10000,Dating & Relationships | Society & Lifestyle
https://moviesleech.app,10000,CIPA Filter | CIPA
https://sourceforge.net,10000,Business | Business & Economy | Technology
https://ebcom.mci.ir,5000,
https://witanime.you,10000,Cartoons & Anime | Entertainment
https://www.kimovil.com,10000,Technology
https://www.tataneu.com,10000,Technology
https://m.webnovel.com,5000,Education
https://learn2.open.ac.uk,10000,
https://zaxid.net,10000,Video Streaming | Entertainment | News & Media
https://videy.design,10000,CIPA Filter | CIPA | Pornography | Adult Themes
https://mdundo.com,10000,
https://www.gismeteo.kz,5000,News & Media | Entertainment
https://lubimyczytac.pl,10000,Education | Movies | Entertainment
https://www.hangikredi.com,10000,Personal Finance | Business & Economy
https://kd93tjhipd.kfupjdslti.net,10000,
https://asunnot.oikotie.fi,5000,
https://places.mercadolibre.com.mx,10000,Auctions & Marketplaces | Shopping & Auctions
https://student.atitesting.com,10000,
https://mon.gree-apps.net,10000,
https://farsnews.ir,5000,News & Media | Entertainment
https://indiapost.gov.in,10000,"Politics, Advocacy, and Government-Related | Government & Politics"
https://www.plataforma10.com.ar,10000,Travel
https://sport.paryajpam.com,10000,
https://1kuji.com,10000,Gambling | CIPA Filter | CIPA
https://www.kobo.com,10000,Education | Ecommerce | Shopping & Auctions
https://cbseit.in,10000,Educational Institutions | Education
https://www.xe.gr,10000,Auctions & Marketplaces | Shopping & Auctions
https://m.dafiti.com.br,10000,Clothing | Society & Lifestyle | Ecommerce | Shopping & Auctions
https://adliran.ir,10000,
https://transdoc.com,10000,Business | Business & Economy
https://drhast.com,10000,
https://fr.pornhat.com,10000,
https://fatalmodel.com,1000,CIPA Filter | CIPA | Pornography | Adult Themes
https://www.cronista.com,1000,News & Media | Entertainment
https://www.livescore.cz,1000,News & Media | Entertainment | Sports
https://apps.dmac-solutions.net,1000,
https://finance.yahoo.co.jp,1000,
https://m.fabguys.com,1000,Adult Themes | Dating & Relationships | Society & Lifestyle | Lifestyle | CIPA Filter | CIPA
https://mail.yahoo.com,1000,Webmail | Internet Communication
https://www.ad.nl,1000,Video Streaming | Entertainment
https://v1.y2mate.nu,1000,
https://portal.kanamic.net,10000,
https://swarnapanchayat.apcfss.in,10000,
https://www.tpcindia.com,10000,Business | Business & Economy
https://fconline.garena.vn,10000,
https://pl.jooble.org,10000,
https://pay.xspay.net,5000,
https://esb.mp.gov.in,10000,
https://obs.atauni.edu.tr,10000,
https://es.shein.com,10000,
https://mobile.suntory.co.jp,10000,
https://m.haberturk.com,10000,News & Media | Entertainment | Video Streaming
https://www.rbb24.de,10000,News & Media | Entertainment
https://merchant.onlinesbi.sbi,10000,
https://active.cisce.org,10000,
https://www.movoto.com,10000,Real Estate
https://vera.bet.br,5000,
https://mbigpara.hurriyet.com.tr,5000,
https://www.turfoo.fr,10000,Gambling | CIPA Filter | CIPA
https://www.vidal.fr,10000,
https://pixlr.com,10000,Technology | Artificial Intelligence
https://verval.snpmb.id,5000,
https://knoxschools.instructure.com,10000,Educational Institutions | Education
https://pmaymis.gov.in,10000,"Politics, Advocacy, and Government-Related | Government & Politics | Government/Legal"
https://xnxx-aflam.com,10000,Pornography | Adult Themes | CIPA Filter | CIPA
https://www.timestables.com,10000,Education
https://reddybook.pro,10000,
https://www.mediapart.fr,10000,News & Media | Entertainment
https://www.spanishdict.com,5000,Reference | Education | Translator | Technology
https://m.comic.naver.com,5000,
https://tetespanas.store,10000,News & Media | Entertainment | Ecommerce | Shopping & Auctions
https://www.jogossantacasa.pt,10000,Gambling | CIPA Filter | CIPA
https://www.rte25.upsdc.gov.in,10000,"Politics, Advocacy, and Government-Related | Government & Politics"
https://www.dba.dk,10000,Auctions & Marketplaces | Shopping & Auctions
https://ma.afribaba.com,5000,
https://twistedsifter.com,10000,Personal Blogs | Internet Communication
https://samagam.kvs.gov.in,10000,
https://m.betlive.com,10000,CIPA Filter | CIPA | Gambling
https://www.zalando.se,10000,Ecommerce | Shopping & Auctions | Clothing | Society & Lifestyle
https://www.lightinthebox.com,10000,Ecommerce | Shopping & Auctions
https://avjoy.me,10000,Pornography | Adult Themes | CIPA Filter | CIPA
https://alison.com,10000,Education
https://www.mybsn.com.my,10000,Personal Finance | Business & Economy
https://beta.xfreehd.com,10000,
https://melligold.com,10000,Personal Finance | Business & Economy
https://dic.pixiv.net,5000,
https://larozza.xyz,10000,CIPA Filter | CIPA | Movies | Entertainment | Questionable Activities | Questionable Content | Video Streaming
https://www.gamestar.de,10000,Gaming | Entertainment
https://ee.co.uk,10000,Technology | Information Technology
https://sekai-kabuka.com,10000,Brokerage & Investing | Business & Economy
https://www.auto-data.net,10000,Vehicles | Shopping | Shopping & Auctions
https://tkor094.com,10000,
https://www.ebanking.piraeusbank.gr,10000,Personal Finance | Business & Economy
https://adultsearch.com,10000,Pornography | Adult Themes | CIPA Filter | CIPA
https://doodss.space,5000,
https://dnipro-m.ua,10000,Ecommerce | Shopping & Auctions
https://www.drpornofilme.com,10000,Pornography | Adult Themes | CIPA Filter | CIPA
https://www.ah.nl,10000,Ecommerce | Shopping & Auctions | Food & Drink | Society & Lifestyle
https://zapier.com,10000,Business | Business & Economy | Artificial Intelligence | Technology
https://mycourses.cccs.edu,10000,
https://www.yapo.cl,10000,Auctions & Marketplaces | Shopping & Auctions
https://efps.gujarat.gov.in,10000,
https://mpedistrict.gov.in,10000,
https://efiling.rd.go.th,10000,
https://www.applebees.com,10000,Food & Drink | Society & Lifestyle
https://www.qatarairways.com,10000,Travel
https://recipe.rakuten.co.jp,10000,
https://ko.wikipedia.org,10000,Reference | Education
https://matokeo.necta.go.tz,10000,
https://noipa.mef.gov.it,10000,
https://www.diariouno.com.ar,10000,News & Media | Entertainment | Video Streaming
https://www.bhimagold.com,10000,Ecommerce | Shopping & Auctions | Fashion | Society & Lifestyle
https://www.wcoflix.tv,10000,CIPA Filter | CIPA | Cartoons & Anime | Entertainment | Video Streaming | Questionable Activities | Questionable Content
https://fantasanremo.com,10000,Entertainment
https://xhchicks.life,10000,Pornography | Adult Themes | Nudity | CIPA Filter | CIPA
https://e-okul.meb.gov.tr,5000,Education
https://vailonxx.co,5000,Pornography | Adult Themes | CIPA Filter | CIPA
https://forum.matrp.ru,10000,
https://www.chatblink.com,10000,Chat | Internet Communication
https://luottruyen1.com,10000,CIPA Filter | CIPA | Adult Themes
https://www.cinecalidad.am,10000,Video Streaming | Entertainment | CIPA Filter | CIPA | Movies | Questionable Activities | Questionable Content
https://dichvucong.gov.vn,10000,"Politics, Advocacy, and Government-Related | Government & Politics"
https://ro.xhamster.com,5000,
https://tracking.narvar.com,10000,
https://ww2.dealertrack.app.coxautoinc.com,5000,
https://ameliconnect.ameli.fr,5000,
https://bizmation.io,10000,Business | Business & Economy
https://www.civitatis.com,10000,Shopping | Shopping & Auctions | Travel
https://www.b92.net,5000,News & Media | Entertainment
https://taz.de,10000,News & Media | Entertainment
https://www.airasia.com,10000,Travel
https://cricbet99.id,5000,
https://www.deutschlandfunk.de,10000,Audio Streaming | Entertainment | News & Media
https://oil.brega.com.ly,10000,
https://es.xgroovy.com,5000,
https://buscatch.net,10000,Ecommerce | Shopping & Auctions
https://www.autovit.ro,10000,Vehicles
https://pl.datezone.com,5000,
https://m.kin.naver.com,10000,
https://cbseacademic.nic.in,10000,Educational Institutions | Education
https://www.gamestop.com,10000,Ecommerce | Shopping & Auctions
https://keep.google.com,5000,Technology
https://sattakingy.in,10000,Gambling | CIPA Filter | CIPA
https://survey.tolunastart.com,10000,
https://www.bndestem.nl,10000,News & Media | Entertainment | Video Streaming
https://hdporncomics.org,10000,Pornography | Adult Themes | CIPA Filter | CIPA
https://zvirata.bazos.cz,10000,Pets | Society & Lifestyle | Auctions & Marketplaces | Shopping & Auctions
https://m.sasisa.cc,10000,
https://cinepolis.com,10000,Movies | Entertainment
https://gacoragam69.com,10000,Gambling | CIPA Filter | CIPA
https://co.search.yahoo.com,5000,
https://cashiernew2.blue-pay.vip,5000,
https://www.mirror.co.uk,5000,Video Streaming | Entertainment | News & Media
https://pos.kimiafarma.co.id,10000,
https://www.progressive.com,10000,Economy & Finance | Business & Economy
https://coomer.st,10000,Pornography | Adult Themes | CIPA Filter | CIPA
https://h5.juxia.com,10000,
https://m.rp5.ru,10000,
https://tvroom11.org,10000,Movies | Entertainment | Questionable Activities | Questionable Content | Video Streaming | CIPA Filter | CIPA
https://www.xozilla.xxx,10000,Pornography | Adult Themes | CIPA Filter | CIPA
https://mez.ink,10000,Business | Business & Economy
https://mundoaeronautico.net,10000,
https://m.povar.ru,10000,
https://www.tnebnet.org,10000,Information Security | Internet Communication
https://tv.rakuten.co.jp,10000,
https://npr-gstn.sg.drecom.jp,5000,
https://br.investing.com,10000,
https://naijafap.com,10000,CIPA Filter | CIPA | Pornography | Adult Themes
https://fon.bet,5000,Gambling | CIPA Filter | CIPA
https://www.summitracing.com,10000,Vehicles | Ecommerce | Shopping & Auctions
https://fe.afip.gob.ar,5000,
https://m.malaysiakini.com,5000,
https://www.courts.mo.gov,10000,"Politics, Advocacy, and Government-Related | Government & Politics"
https://a2t.art,10000,
https://vlxx-new.com,10000,Pornography | Adult Themes | CIPA Filter | CIPA
https://erp.prsuprayagraj.in,5000,
https://www.mistore.jp,10000,Ecommerce | Shopping & Auctions
https://www.sankei.com,5000,News & Media | Entertainment
https://www.ontvtime.ru,10000,Television | Entertainment
https://reverb.com,10000,Auctions & Marketplaces | Shopping & Auctions | Music | Entertainment
https://www.pgatour.com,10000,Sports
https://www.milfat.com,10000,Pornography | Adult Themes | CIPA Filter | CIPA | Forums | Internet Communication
https://lineageclassic.plaync.com,10000,
https://m.21vek.by,5000,Ecommerce | Shopping & Auctions
https://www.directvgo.com,10000,Content Servers | Technology
https://bobibanking.bankofbaroda.bank.in,5000,
https://www.spellingoefenen.nl,10000,Hobbies & Interests | Society & Lifestyle | Gaming | Entertainment
https://khoahoc.vietjack.com,5000,
https://ru.erome.com,5000,Pornography | Adult Themes | CIPA Filter | CIPA
https://southfreak.help,10000,
https://ara.xhfuck.com,5000,
https://www.cbr.com,10000,Entertainment
https://tvguide.myjcom.jp,10000,
https://a943.app.gree-pf.net,5000,
https://lee.focusschoolsoftware.com,10000,
https://app.schoology.com,5000,
https://backspinreentryupright.com,10000,Information Security | Internet Communication
https://www.jun88999.com,5000,
https://www.locanto.com.co,10000,Auctions & Marketplaces | Shopping & Auctions
https://www.barnesandnoble.com,5000,Education | Ecommerce | Shopping & Auctions
https://fortune.com,5000,Magazines | Entertainment
https://nyaa.si,5000,P2P | Internet Communication | Questionable Activities | Questionable Content | CIPA Filter | CIPA
http://m.absoluporn.com,5000,Pornography | Adult Themes | CIPA Filter | CIPA
https://www.renfe.com,10000,Travel
https://www.lidl.ro,10000,Ecommerce | Shopping & Auctions
https://de.pinterest.com,10000,
https://m.5egytucuw.com,5000,
https://www.5movierulz.bargains,10000,Video Streaming | Entertainment | CIPA Filter | CIPA | Movies | Questionable Activities | Questionable Content
https://m.qoo10.jp,5000,
https://ma9.hirelateral.com,10000,
https://m.tvspielfilm.de,5000,
https://loyalty.traveltowngame.com,5000,
https://shop.coinmaster.com,5000,
https://sp.atrc.jp,10000,
https://www.the-saleroom.com,10000,Auctions & Marketplaces | Shopping & Auctions
https://infinix.servicewebly.com,5000,
https://estudante.pedemeia.mec.gov.br,10000,
https://vn.search.yahoo.com,10000,
https://mmsbaba.guru,10000,
https://chan.sankakucomplex.com,10000,
https://www.financialexpress.com,10000,News & Media | Entertainment | Economy & Finance | Business & Economy
https://floridalottery.com,10000,Gambling | CIPA Filter | CIPA
https://moovitapp.com,5000,Travel | Reference | Education
https://www.skills.google,10000,Technology | Education
https://test-english.com,10000,Education
https://www.slrclub.com,10000,Forums | Internet Communication | Photography | Society & Lifestyle
https://www.decathlon.de,10000,Ecommerce | Shopping & Auctions
https://sulasok.cz,10000,Pornography | Adult Themes | CIPA Filter | CIPA
https://hhpanda.st,10000,Video Streaming | Entertainment | Cartoons & Anime
https://my.mheducation.com,5000,Education
https://stake.com,5000,
https://web.mriia.gov.ua,10000,
https://us5.proxysite.com,10000,CIPA Filter | CIPA
https://www.largus.fr,10000,Vehicles
https://evoslatte.com,10000,
https://xxxi.porn,10000,Nudity | Adult Themes | Pornography | CIPA Filter | CIPA
https://gate.shop,10000,Ecommerce | Shopping & Auctions | Fashion | Society & Lifestyle | Clothing
https://www.yalenkino.club,10000,
https://avtub.so,5000,Questionable Activities | Questionable Content | CIPA Filter | CIPA | Pornography | Adult Themes
https://beneficiary.nha.gov.in,5000,
https://www.work24.go.kr,10000,Job Search & Careers
https://cm.enjoy.point.auone.jp,10000,
https://xhonline.today,10000,Nudity | Adult Themes | CIPA Filter | CIPA | Pornography
https://spweb.brtb.jp,10000,
https://www.jetblue.com,10000,Travel
https://www.showpm.in,5000,Television | Entertainment
https://24tv.ua,10000,Video Streaming | Entertainment | News & Media
https://www.creema.jp,10000,Ecommerce | Shopping & Auctions
https://m.porno365x.space,10000,Pornography | Adult Themes | CIPA Filter | CIPA
https://mamen123big.com,10000,CIPA Filter | CIPA | Gambling | Gaming | Entertainment
https://biharbhumi.bihar.gov.in,10000,
https://my.jcb.co.jp,5000,
https://www.manhwaland.baby,10000,Comic Books | Entertainment
https://flvto.click,10000,
https://easybet.co.za,10000,CIPA Filter | CIPA | Gambling
https://sellercentral.amazon.co.jp,5000,
https://servatmandi.com,5000,
https://iforgot.apple.com,10000,Information Security | Internet Communication | Technology
https://my.bookmark.rakuten.co.jp,10000,
https://me.classera.com,10000,
https://www.olx.co.id,10000,Auctions & Marketplaces | Shopping & Auctions
https://musics-fa.com,5000,Audio Streaming | Entertainment
https://hcm.paycor.com,10000,
https://us13.proxysite.com,10000,CIPA Filter | CIPA
https://tajmusics.com,10000,Audio Streaming | Entertainment
https://webresult.nustargame.com,5000,
https://ccc.eu,10000,Fashion | Society & Lifestyle | Ecommerce | Shopping & Auctions | Clothing
https://crea-tv.jp,10000,CIPA Filter | CIPA | Adult Themes
https://www.suzuki.co.jp,10000,Vehicles
https://kuronavi.blog,10000,Comic Books | Entertainment
https://www.bigw.com.au,10000,Ecommerce | Shopping & Auctions
https://www.hobbyconsolas.com,10000,Gaming | Entertainment
https://cdn3.digialm.com,10000,Technology
https://www.artstation.com,10000,Hobbies & Interests | Society & Lifestyle
https://www.cardkingdom.com,10000,Ecommerce | Shopping & Auctions | Hobbies & Interests | Society & Lifestyle
https://upmusics.com,5000,
https://www.nownews.com,10000,News & Media | Entertainment
https://edenrobe.com,10000,Fashion | Society & Lifestyle | Ecommerce | Shopping & Auctions | Clothing
https://www.avdbs.com,5000,Entertainment
https://www.telerama.fr,10000,Television | Entertainment | Movies | Video Streaming
https://www.nissan.com.mx,10000,Vehicles
https://deodap.in,10000,Ecommerce | Shopping & Auctions
https://tracking.ozon.ru,5000,
https://e5489.jr-odekake.net,10000,
https://tamil.news18.com,10000,
https://www.thaipbs.or.th,10000,Video Streaming | Entertainment | News & Media
https://vaad.up.nic.in,10000,
https://retailnetbanking.icici.bank.in,10000,
https://emmikochteinfach.de,10000,Food & Drink | Society & Lifestyle
https://www.fravega.com,10000,Ecommerce | Shopping & Auctions
https://de.xgroovy.com,5000,
https://m.entertain.naver.com,10000,
https://xvideos-hd.blog,10000,Pornography | Adult Themes | CIPA Filter | CIPA
https://www.redcare.it,10000,Ecommerce | Shopping & Auctions | Health & Fitness | Health
https://helpslot.win,10000,Gambling | CIPA Filter | CIPA
https://www.bbvaprovinet.provincial.com,10000,Personal Finance | Business & Economy
https://orf.at,5000,News & Media | Entertainment
https://pomogalka.me,10000,Education
https://mawartotocrf.com,10000,
https://vb.topbook.me,10000,
https://ecs.toranoana.jp,10000,Adult Themes | Ecommerce | Shopping & Auctions | CIPA Filter | CIPA
https://surabaya.ratutogelidr.com,5000,
http://contribuyente.seniat.gob.ve,10000,"Politics, Advocacy, and Government-Related | Government & Politics"
https://www.megatube.xxx,10000,Pornography | Adult Themes | CIPA Filter | CIPA
https://www.delish.com,10000,Video Streaming | Entertainment | Magazines | Food & Drink | Society & Lifestyle
https://sport.detik.com,10000,
https://mp.weixin.qq.com,10000,
https://infopanel.jp,10000,Content Servers | Technology
https://alexisvelocity.com,5000,
https://betesporte.bet.br,5000,
https://tw.search.yahoo.com,5000,
https://www.go-manga.com,5000,Comic Books | Entertainment
https://eblagh1.adliran.ir,10000,
https://casino.bet365.bet.ar,10000,
https://saipa.iranecar.com,5000,
https://www.pokepedia.fr,10000,Cartoons & Anime | Entertainment | Education
https://giavang.org,5000,
https://pbskids.org,10000,Safe for Kids
https://actualidad.rt.com,10000,
https://www.diariodenavarra.es,10000,News & Media | Entertainment | Video Streaming
https://www.drmax.ro,10000,Ecommerce | Shopping & Auctions
https://1xlite-08668.world,10000,Gambling | CIPA Filter | CIPA
https://br.shein.com,10000,
https://manhwa-online.com,10000,Login Screens | Miscellaneous
https://kqkq.kqkq444.com,10000,
https://r7.bet.br,5000,
https://www.lasprovincias.es,10000,News & Media | Entertainment
https://manage.purplle.com,10000,
https://www.k5learning.com,10000,Education | Science
https://thegay.com,10000,CIPA Filter | CIPA | Pornography | Adult Themes
https://wwin.com,10000,Gambling | CIPA Filter | CIPA
https://www.casino.org,10000,Gambling | CIPA Filter | CIPA
https://sede-tu.seg-social.gob.es,10000,
https://www.swimcloud.com,10000,Entertainment
https://sport.tvp.pl,10000,
https://canvas.wisc.edu,10000,Login Screens | Miscellaneous | Educational Institutions | Education
https://gpcp225.tda.docomo.ne.jp,10000,
https://olxnol.com,10000,Business | Business & Economy | Home & Garden | Society & Lifestyle
https://wwin.ba,10000,Gambling | CIPA Filter | CIPA
https://tech.everyeye.it,10000,
https://www.ibet788.com,10000,Gambling | CIPA Filter | CIPA
https://www.elpalaciodehierro.com,10000,Ecommerce | Shopping & Auctions
https://sengtulus.site,5000,
https://www.filmibeat.com,10000,Entertainment
https://softkomik.com,10000,Comic Books | Entertainment
https://empresas.aportesenlinea.com,10000,
https://r-ms.com,10000,Real Estate | Personal Finance | Business & Economy
https://rakuten-sp.dropgame.jp,5000,
https://sattamatkadpbosskuber.net,10000,
https://picositanews.xyz,10000,
https://xxxnaja.com,10000,CIPA Filter | CIPA | Pornography | Adult Themes
https://www.namecheap.com,10000,Information Technology | Technology | News & Media | Entertainment
https://site3.q10.com,10000,
https://schools.kundelik.kz,5000,
https://market.yandex.ru,5000,
https://www.analdin.com,10000,Pornography | Adult Themes | CIPA Filter | CIPA
https://www.ica.se,10000,Shopping | Shopping & Auctions
https://wiki.ahlolbait.com,10000,
https://canales.diariovasco.com,10000,
https://www.marmiton.org,5000,Food & Drink | Society & Lifestyle
https://pay.ebay.com,10000,
https://actapp.misa.vn,10000,
https://soundgasm.net,10000,
https://www.ggpanalo.com,10000,Gaming | Entertainment | Gambling | CIPA Filter | CIPA
https://1fichier.com,10000,
https://www.coppel.com,5000,
https://www.tesla.com,5000,Vehicles
https://serviciosdigitales.imss.gob.mx,5000,
https://xmilf.com,10000,
https://www.saksoff5th.com,10000,Ecommerce | Shopping & Auctions | Clothing | Society & Lifestyle | Fashion
https://movil.todorelatos.com,10000,Pornography | Adult Themes | CIPA Filter | CIPA
https://www.gutefrage.net,10000,Forums | Internet Communication
https://tkor096.com,5000,
https://przegladsportowy.onet.pl,5000,
https://comfrt.com,10000,
https://mtgdecks.net,10000,
https://canvas.umn.edu,10000,
https://www.prozis.com,10000,Health & Fitness | Health | Sports | Ecommerce | Shopping & Auctions
https://web.arbeitsagentur.de,5000,
https://sp.nicovideo.jp,10000,Adult Themes | Gaming | Entertainment | CIPA Filter | CIPA
https://colnect.com,10000,Content Servers | Technology
https://man88.pw,5000,
https://satta-king.online,10000,
https://m.ebalka.love,10000,
https://108.run.pokiigame.com,10000,
https://tapminings.com,10000,
https://ko.xhspot.com,10000,
https://id.jobstreet.com,5000,
https://sangkarpot.xyz,10000,
https://learn3.k12.com,10000,
https://www.genyt.net,10000,
https://brainly.co.id,10000,
https://rawkuma.net,10000,Cartoons & Anime | Entertainment | Comic Books | Questionable Activities | Questionable Content | CIPA Filter | CIPA
https://www.tv9marathi.com,10000,
https://blog.livenpay.io,10000,
https://eccp.poste.dz,5000,
https://www.diariodolitoral.com.br,10000,News & Media | Entertainment
https://de.indeed.com,10000,
https://m.wplay.co,5000,
https://icorp.pnb.bank.in,5000,
https://168.dapay2.com,5000,
https://t24.com.tr,10000,
https://www.viabcp.com,10000,Personal Finance | Business & Economy
https://www.kalerkantho.com,10000,
https://q.mots-croises-solutions.com,10000,
https://www.bodegaaurrera.com.mx,10000,Ecommerce | Shopping & Auctions
https://loigiaihay.com,10000,Education
https://www.takashimaya.co.jp,10000,Business | Business & Economy
https://www.sss.gov.ph,10000,
https://www.minkou.jp,10000,
https://77rp.77rpfaz753.com,10000,
https://shop.bet9ja.com,5000,
https://phimjav.blog,10000,Pornography | Adult Themes | CIPA Filter | CIPA
https://line82920.com,10000,CIPA Filter | CIPA | Gambling
https://s.keibabook.co.jp,10000,
https://president.jp,5000,Magazines | Entertainment
https://pinayflix.cc,5000,
https://www.marthastewart.com,10000,
https://www.felvi.hu,10000,
https://ava.univesp.br,10000,
https://s11.nontonanimeid.boats,10000,
https://www.yggtorrent.org,5000,
https://www.semana.com,10000,
https://www.wg-gesucht.de,10000,
https://www.gametwist.com,10000,Gaming | Entertainment | Gambling | CIPA Filter | CIPA
https://sister-pt.kemdiktisaintek.go.id,5000,
https://scholarship.up.gov.in,5000,
https://login.mos.ru,10000,
https://bussimulator.id,10000,Personal Blogs | Internet Communication | Gaming | Entertainment
https://www.islambook.com,10000,
https://www.bluewin.ch,10000,News & Media | Entertainment
https://truyenwikidich.net,10000,
https://mx.computrabajo.com,5000,
https://www.telsu.fi,10000,Television | Entertainment
https://arenaplus.net,10000,
https://koin.waktogel.cyou,10000,
https://m.tipsport.cz,10000,
https://annas-archive.li,5000,
https://evexxx.com,5000,
https://game.aviatrix.bet,10000,
https://amaterky.sk,10000,
https://www.fukuishimbun.co.jp,10000,News & Media | Entertainment
https://cashier.glocentra.com,5000,
https://math.imaginelearning.com,10000,
https://m.yeniakit.com.tr,10000,News & Media | Entertainment
https://smarta.wehago.com,10000,
https://www.laposte.fr,5000,
https://app.webpt.com,5000,
https://home.biedronka.pl,10000,
https://m.aiscore.com,5000,
https://visas-immigration.service.gov.uk,10000,
https://juegos.loteriasyapuestas.es,5000,Gambling | CIPA Filter | CIPA
https://personas.bncenlinea.com,10000,
https://wavevid.website,10000,
https://www.uptvs.com,10000,
https://panasonic.jp,10000,Home & Garden | Society & Lifestyle | Technology
https://mcw.apigacor88gff.online,10000,
https://www.electrodepot.fr,5000,Ecommerce | Shopping & Auctions
https://garlandisd.instructure.com,10000,Educational Institutions | Education
https://pl.search.yahoo.com,10000,
https://www.natura.com.br,10000,
https://www.blibli.com,10000,
https://blog.muow.store,10000,
https://tr.investing.com,5000,
https://ais.osym.gov.tr,5000,
https://detail.1688.com,10000,
https://m.buzzarab.com,5000,
https://www.flowrestling.org,10000,
https://metruyenhot.me,5000,Education
https://www.dian.gov.co,10000,
https://www.munhwa.com,10000,
https://ko.xhamster2.com,5000,
http://asilmedia.org,10000,
https://prizegrab.com,10000,Shopping | Shopping & Auctions
https://e7cod.com,10000,
https://dbook.docomo.ne.jp,10000,
https://www.drogariaspacheco.com.br,10000,
https://nice7777.fun,10000,
https://www.xn--72czpfe7gxb9cveycua.com,10000,
https://www.live4d2u.net,10000,
https://uk.pinterest.com,5000,
https://tvwiki6.net,10000,
https://apkcombo.com,10000,
https://sr.wikipedia.org,5000,
https://www.ligainsider.de,10000,
https://www.denik.cz,10000,
https://is.muni.cz,10000,
https://watchpeopledie.tv,10000,
https://webofcomics.top,5000,
https://connect.auone.jp,5000,
https://www.itmedia.co.jp,10000,
https://web.usagi.one,10000,
https://www.sfr.fr,10000,
https://www4.sii.cl,10000,
https://www.tbajee38.com,10000,
https://www.gamepro.de,10000,
https://kids.yahoo.co.jp,10000,
https://www.porn-comic.com,10000,
https://pasha.rakuten.co.jp,10000,
https://fr.youporn.com,10000,
https://hotspot.infinityfleet.net,10000,
https://www.basketball-reference.com,10000,
https://journaldesseniors.20minutes.fr,10000,
https://manhwa-tower.ir,5000,
https://es.tradingview.com,10000,
https://mojekrpice.rs,10000,
https://superseriale.se.pl,10000,
https://www.oscaro.com,10000,
https://www.newegg.com,10000,
https://agwl2.idnpaito.com,10000,
https://cricfy.pro,10000,Technology | Shareware/Freeware
https://sunubet.com,50000,
https://www.autoera.lt,100000,
https://goldenauto.apocket.link,50000,
https://beneficiari.edenred.it,100000,
https://www.pass.carrefour.es,100000,
https://www.ticket.com.br,100000,
https://www.whitescreen.online,50000,
https://th.modw.net,100000,
https://www.zeeman.com,100000,
https://www.servidor.rj.gov.br,50000,"Politics, Advocacy, and Government-Related | Government & Politics | Business | Business & Economy | News & Media | Entertainment"
https://sengsweet.site,50000,
https://qr.pecovatelska.cz,100000,
https://www.biltorvet.dk,100000,
https://m.douyin.com,50000,
https://tamilxxx.top,50000,
https://christianlyricz.com,50000,
https://www.idinheiro.com.br,50000,Economy & Finance | Business & Economy
https://www.ieskok.lt,100000,
https://www.proson.gr,50000,
https://campus.europaeducationgroup.es,50000,
https://go.seated.com,100000,
https://dms.myorion.co.id,100000,
https://edrolo.com.au,100000,
https://kusonime.com,50000,Cartoons & Anime | Entertainment
https://gocolors.com,100000,Clothing | Society & Lifestyle | Ecommerce | Shopping & Auctions
https://www.fleetfeet.com,50000,Clothing | Society & Lifestyle | Sports | Shopping | Shopping & Auctions
https://www.ausbildung.de,50000,Educational Institutions | Education
https://shaaheid4u.net,50000,CIPA Filter | CIPA | Movies | Entertainment | Questionable Activities | Questionable Content | Video Streaming
https://www.emimino.cz,50000,Parenting | Society & Lifestyle
https://www.cpcompany.com,100000,Clothing | Society & Lifestyle | Ecommerce | Shopping & Auctions
https://skyfair365.live,100000,Gambling | CIPA Filter | CIPA
https://www.castorama.pl,50000,Business | Business & Economy | Ecommerce | Shopping & Auctions
https://learnenglishteens.britishcouncil.org,50000,
https://ngdrs.assam.gov.in,100000,
https://r7me9.com,50000,
https://nclt.gov.in,100000,"Politics, Advocacy, and Government-Related | Government & Politics"
https://moviesanywhere.com,50000,Video Streaming | Entertainment | Movies
https://russian.alibaba.com,50000,
https://www.houseoffraser.co.uk,50000,Ecommerce | Shopping & Auctions
https://iaps.keralapolice.gov.in,100000,
https://dailyuploads.net,50000,File Sharing | Technology | CIPA Filter | CIPA
https://www.makro.plazavea.com.pe,50000,Ecommerce | Shopping & Auctions
https://beim-philipp.de,50000,News & Media | Entertainment
https://legacyagency.com.br,100000,Economy & Finance | Business & Economy | News & Media | Entertainment
https://www.bluelakeaccelerator.com,50000,Business | Business & Economy
https://www.newbalance.co.uk,50000,Ecommerce | Shopping & Auctions | Clothing | Society & Lifestyle
https://www.eais.go.kr,100000,Business | Business & Economy
https://www.ambassadorcruiseline.com,100000,
https://www.58jl.org,100000,Gambling | Gaming | Entertainment | CIPA Filter | CIPA
https://buzzad.buzzvil.com,50000,
https://www.avantiwestcoast.co.uk,100000,Travel | Ecommerce | Shopping & Auctions
https://www.hm.com.br,100000,Personal Finance | Business & Economy
https://www.notredamedeparis.fr,100000,Religion & Spirituality | Religion | Travel
https://www.autoscout24.ru,100000,Vehicles
https://painel.rumolog.com,100000,
https://z3-ima.phreesia.net,100000,
https://aicelebs.club,100000,CIPA Filter | CIPA | Pornography | Adult Themes
https://www.bee999.org,50000,Pets | Society & Lifestyle
https://login-patient.labcorp.com,100000,
https://wildgrain.com,100000,Ecommerce | Shopping & Auctions | Food & Drink | Society & Lifestyle
https://lojavirtual.compesa.com.br:8443,100000,
https://docs.stripe.com,100000,
https://csprd.ctclink.us,100000,
https://portal.uzt.lt,50000,
https://decentro.educacao.sp.gov.br,100000,
https://lotto432ab.com,100000,CIPA Filter | CIPA | Gambling
https://www.caballow.com,50000,Gaming | Entertainment
https://radar.ctuit.com,50000,
https://cdn.shopbgdstyle.com,100000,
https://www.mhlw.go.jp,50000,"Health & Fitness | Health | Politics, Advocacy, and Government-Related | Government & Politics"
https://ssrmovies.forsale,50000,Movies | Entertainment | Questionable Activities | Questionable Content | Video Streaming | CIPA Filter | CIPA
https://www.xtremechat.com,50000,Chat | Internet Communication | Pornography | Adult Themes | CIPA Filter | CIPA
https://jp.redtube.com,100000,Pornography | Adult Themes | Television | Entertainment | CIPA Filter | CIPA
https://www.saviasaludeps.com,100000,"Health & Fitness | Health | Politics, Advocacy, and Government-Related | Government & Politics"
https://877f.net,100000,
https://portal.bankit.in:9090,50000,
https://ru.anysex.com,100000,Pornography | Adult Themes | CIPA Filter | CIPA
https://unicalexams.edu.ng,100000,
https://777winer.website,100000,Gambling | Gaming | Entertainment | CIPA Filter | CIPA
https://www.digitalgujarat.gov.in,50000,"Politics, Advocacy, and Government-Related | Government & Politics"
https://pecah404sg.com,100000,
https://tms34.nepsetms.com.np,50000,
https://www.setopati.com,50000,News & Media | Entertainment
https://game-do.fawkesgames.com,50000,
https://news.tennis365.net,100000,
https://ag-bosjoko.idrbo.com,100000,
https://www.neuroniorganizzativi.it,50000,Food & Drink | Society & Lifestyle
https://www.bergfreunde.de,50000,Ecommerce | Shopping & Auctions
https://zenless-zone-zero.fandom.com,50000,
https://vencord.dev,100000,Technology
https://gol81605.com,50000,
https://www.nofearbridge.co.uk,100000,Education
https://okrebelle.org,50000,
https://www.ninjakitchen.de,50000,Food & Drink | Society & Lifestyle
https://www.foxybingo.com,50000,
https://www.cemaco.com,50000,Ecommerce | Shopping & Auctions
https://www.kiwibank.co.nz,100000,Personal Finance | Business & Economy
https://service.icicibank.com,50000,
https://www.kabilesavaslari.com,100000,Gaming | Entertainment
https://www.norauto.it,100000,Ecommerce | Shopping & Auctions | Vehicles
https://bunkr.si,100000,CIPA Filter | CIPA | File Sharing | Technology | Pornography | Adult Themes | Nudity
https://kotabanjarmasin.epuskesmas.id,100000,
https://u3x71o4r3s.clgfkcopjh.net,100000,
https://cou.admission-aid.com,50000,
https://www.rejuvenation.com,100000,Ecommerce | Shopping & Auctions | Business | Business & Economy
https://connect2reciboelectronicouf-d0852efe2.dispatcher.us2.hana.ondemand.com,100000,
https://www.viagogo.es,100000,Entertainment
https://start.hp.com,100000,
https://maria.catholic.or.kr,100000,
https://www.loverslab.com,50000,Forums | Internet Communication | Pornography | Adult Themes | Gaming | Entertainment | CIPA Filter | CIPA
https://www.solidaris-brabant.be,100000,Economy & Finance | Business & Economy | Health & Fitness | Health
https://lnd.clalit.co.il,100000,
https://18xx-videos-terabox.lat,50000,Pornography | Adult Themes | Questionable Activities | Questionable Content | CIPA Filter | CIPA
https://rlbcauonline.in,100000,Vehicles
https://securustech.online,50000,Technology
https://www.pornkut.com,100000,Pornography | Adult Themes | CIPA Filter | CIPA
https://vitaminkuofc.com,50000,Login Screens | Miscellaneous
https://movieod.com,100000,Video Streaming | Entertainment | CIPA Filter | CIPA | Movies | Questionable Activities | Questionable Content
https://db.bepis.moe,50000,CIPA Filter | CIPA | Questionable Activities | Questionable Content
https://iowacapitaldispatch.com,100000,"News & Media | Entertainment | Politics, Advocacy, and Government-Related | Government & Politics"
https://beta.ideas.lego.com,100000,
https://www.sofinco.fr,100000,Personal Finance | Business & Economy
https://www.synergydental.it,100000,Health & Fitness | Health
https://survey.fast-ask.com,100000,Reference | Education
https://yumecam.pochipi.com,100000,
https://produce101.jp,100000,Video Streaming | Entertainment
https://cl.empirescort.com,100000,Adult Themes | Auctions & Marketplaces | Shopping & Auctions | CIPA Filter | CIPA
https://monkeyd.net.vn,50000,Education
https://www.okcupid.com,50000,Shareware/Freeware | Technology | Dating & Relationships | Society & Lifestyle
https://reshade.me,100000,Gaming | Entertainment
https://esampada.mohua.gov.in,50000,
https://www.bosch-home.com,50000,Home & Garden | Society & Lifestyle | Ecommerce | Shopping & Auctions
https://www.wradio.com.co,100000,Music | Entertainment | News & Media
https://es.anyporn.com,50000,Pornography | Adult Themes | CIPA Filter | CIPA
https://elena.unnes.ac.id,50000,
https://www.goodnewsnetwork.org,100000,Magazines | Entertainment
https://www.eprice.com.hk,100000,Technology | News & Media | Entertainment
https://portal.hdfc.com,50000,
https://www.mv-spion.de,100000,
https://s.viieecqj.com,100000,
https://amp-axl2.b-cdn.net,50000,
https://www.ehandel.se,100000,Economy & Finance | Business & Economy | Magazines | Entertainment
https://6r.bet.br,50000,
https://www.parati.com.ar,50000,Fashion | Society & Lifestyle | Magazines | Entertainment
https://www.renee.pl,50000,Ecommerce | Shopping & Auctions
https://anime4i.com,50000,Video Streaming | Entertainment | Cartoons & Anime | Questionable Activities | Questionable Content | CIPA Filter | CIPA
https://app.deriv.com,50000,
https://x333.x333.website,100000,
https://1xbet.ml,50000,CIPA Filter | CIPA | Gambling
https://moeisins.moe.gov.my,50000,
https://www.praktiker.gr,50000,Ecommerce | Shopping & Auctions
https://app.knowledgehook.com,100000,
https://kurukura.jp,100000,Vehicles
https://google.777w.cloud,100000,
https://en.koreagrandsale.co.kr,100000,
https://bejacollege.in,50000,
https://dontstarve.wiki.gg,100000,
https://gymbeam.gr,100000,Ecommerce | Shopping & Auctions
https://portal.uniosun.edu.ng,50000,
https://gestiondocumental.movilidadbogota.gov.co,100000,
https://www.adolfodominguez.com,50000,Ecommerce | Shopping & Auctions
https://stexsms.com,50000,
https://book-market.net,100000,Ecommerce | Shopping & Auctions | Education
https://cursos.tecmilenio.mx,50000,
https://www.funidelia.it,100000,Ecommerce | Shopping & Auctions
https://www.mailo.com,50000,File Sharing | Technology | Webmail | Internet Communication
https://salonkee.be,100000,Fashion | Society & Lifestyle
https://www.uhrs.ai,100000,
https://fenix2.siteca.app,100000,
https://6rvy1uz7.com,50000,
https://dnpay.viva88athenae.com,100000,
https://citapasion.com,100000,Adult Themes | CIPA Filter | CIPA
https://motionv1.com,50000,Login Screens | Miscellaneous
https://biogena.com,100000,Health & Fitness | Health
https://www.brainscape.com,50000,Education | Artificial Intelligence | Technology
https://xn--m1abbbg.io,50000,CIPA Filter | CIPA | Pornography | Adult Themes
https://www.eropolis.hu,100000,Pornography | Adult Themes | CIPA Filter | CIPA | Nudity
https://mysupport.razer.com,100000,
https://smotrim.ru,50000,Television | Entertainment
https://www.ligastavok.ru,50000,CIPA Filter | CIPA | Sports | Gambling
https://www.devoir.tn,100000,Education
https://www.ackermans.co.za,50000,Fashion | Society & Lifestyle
https://arwanajackpot.com,100000,Gaming | Entertainment | CIPA Filter | CIPA | Gambling
https://dotoritv.com,50000,Television | Entertainment | Shopping | Shopping & Auctions
https://www.itemthankyou.com,100000,Gaming | Entertainment
https://efjpg.com,50000,
https://del-desk.excitel.in,100000,
https://blueberryfunded.com,50000,Brokerage & Investing | Business & Economy
https://audio.islamweb.net,100000,
https://www.wccgames8.xyz,50000,Gaming | Entertainment
https://plam-kakao.in,50000,Music | Entertainment
https://connect.raspberrypi.com,50000,
https://network.affmine.com,100000,Business | Business & Economy
https://www.sistema-alerta-rio.com.br,100000,News & Media | Entertainment
https://coralisland.fandom.com,50000,
https://crmdms.inservices.tatamotors.com,100000,
https://www.priceline.com.au,100000,Ecommerce | Shopping & Auctions | Fashion | Society & Lifestyle | Health & Fitness | Health
https://www.overwolf.com,100000,Gaming | Entertainment | Technology
https://www.hikorea.go.kr,100000,"Politics, Advocacy, and Government-Related | Government & Politics"
https://azimpremjifoundation.org,100000,
https://cars.booking.com,50000,Travel
https://3star.in,100000,Business | Business & Economy
https://www.lornajane.com.au,100000,Clothing | Society & Lifestyle | Ecommerce | Shopping & Auctions
https://www.az-online.de,100000,News & Media | Entertainment
https://mw.mangatown.com,50000,
https://www.megasesso.com,50000,Pornography | Adult Themes | CIPA Filter | CIPA
https://mtsac.instructure.com,50000,
https://nnmclub.to,50000,P2P | Internet Communication | Questionable Activities | Questionable Content | CIPA Filter | CIPA | Forums
https://a03.peppagame.com,50000,
https://www.leddiretto.it,50000,Business | Business & Economy | Ecommerce | Shopping & Auctions
https://www.regmovies.com,50000,Movies | Entertainment | Video Streaming
https://pay.ssg.com,50000,
https://flightrising.com,100000,
https://t.dentalsoft.cl,100000,
https://dicionario.priberam.org,50000,
https://www.studiestoday.com,50000,Educational Institutions | Education
https://pulsoslp.com.mx,100000,News & Media | Entertainment
https://www.popcarte.com,100000,Ecommerce | Shopping & Auctions
https://spinharian.site,100000,
https://hubole.ac-reunion.fr,100000,
https://7p0a80.com,100000,
https://afun.mx,50000,
https://www.gruntstyle.com,100000,Clothing | Society & Lifestyle | Ecommerce | Shopping & Auctions | Fashion
https://snapp.doctor,100000,
https://ej.sudrf.ru,100000,
https://plc.auction,50000,Auctions & Marketplaces | Shopping & Auctions
https://sanyadiagnosticsdelhi.com,100000,
https://ncrubk23.com,50000,
https://www.briscoes.co.nz,100000,Ecommerce | Shopping & Auctions | Business | Business & Economy | Home & Garden | Society & Lifestyle
https://pkproject.net,100000,Information Technology | Technology
https://home.startrekfleetcommand.com,100000,
https://smsgadget.com,50000,Technology | Ecommerce | Shopping & Auctions | Information Technology
https://kisah.in,100000,Ecommerce | Shopping & Auctions | Clothing | Society & Lifestyle | Dating & Relationships
https://www.gallery-almas.ir,100000,Ecommerce | Shopping & Auctions
https://login9.inatogel.us,100000,
https://pinayflix.blog,100000,Questionable Activities | Questionable Content | Shareware/Freeware | Technology | CIPA Filter | CIPA
https://aims.indianrailways.gov.in,50000,
https://crusoe.com.br,100000,Magazines | Entertainment
https://celebmasta.com,50000,
https://m.41nr.com,100000,
https://www.zipgrade.com,50000,Education | Shareware/Freeware | Technology
https://valor.globo.com,50000,
https://www.milton.in,50000,Home & Garden | Society & Lifestyle | Food & Drink
https://www.karar.com,50000,News & Media | Entertainment
https://r02.core.learn.edgenuity.com,100000,
https://www.helloproject.com,50000,Entertainment
https://lycantoons.com,50000,Cartoons & Anime | Entertainment | Comic Books
https://tekstovi.net,50000,Music | Entertainment | Audio Streaming
https://agent.gmtonline.co.il,100000,
https://tr.erome.com,50000,Pornography | Adult Themes | CIPA Filter | CIPA
https://lumionvietnam.com,50000,Personal Blogs | Internet Communication | Technology
https://help.garena.co.id,50000,
https://www.pointdevente.parionssport.fdj.fr,100000,Gambling | CIPA Filter | CIPA
https://www.creditkarma.ca,100000,Personal Finance | Business & Economy
https://dlms-ext.seshaasai.net,100000,
https://venom889.lol,50000,
https://www.cosumi.net,100000,Gaming | Entertainment
https://www.firmoo.fr,100000,Fashion | Society & Lifestyle | Ecommerce | Shopping & Auctions
https://mfsl.co.in,100000,Content Servers | Technology
https://vlogtruyen62.com,100000,
https://dict.leo.org,50000,Technology
https://www.prace.cz,50000,Job Search & Careers
https://emplois.inclusion.beta.gouv.fr,100000,
https://www.moscowmap.ru,100000,Reference | Education
https://huay-king.com,100000,
https://web.ncte.gov.in,100000,
http://p4rtaaib0ook333p.buzz,100000,CIPA Filter | CIPA | Pornography | Adult Themes
https://arsiv.sahadan.com,50000,
https://deltaexecutr.com.br,100000,Gaming | Entertainment
https://v2.slashlib.me,50000,
https://c6q9t2.com,50000,
https://genially.com,50000,Technology | Education
https://j5wxcf.7mmon3ss.com,100000,
https://www.skyairline.com,50000,Travel
https://www.ejobs.ro,50000,Job Search & Careers
https://www.mediacourant.nl,50000,Entertainment
https://www.notino.pt,100000,Fashion | Society & Lifestyle
https://click.liftoff.io,50000,Technology | Business | Business & Economy
https://www.paybangla.com,50000,Personal Finance | Business & Economy
https://www.rainblow.xxx,100000,Pornography | Adult Themes | CIPA Filter | CIPA
https://mattoon.schoology.com,100000,
https://booking.salamair.com,100000,
https://naughtynights.in,50000,Content Servers | Technology
https://onecredit.kz,100000,Personal Finance | Business & Economy
https://www.prusa3d.com,100000,Technology
https://esanjeevani.mohfw.gov.in,50000,
https://d.alooytv8.xyz,100000,
https://rosamoney.com,100000,Shareware/Freeware | Technology
https://b.alooytv8.xyz,50000,
https://www.bnz.co.nz,50000,Personal Finance | Business & Economy
https://hd.kinogo1.biz,50000,
https://sex.anne77927310.site,50000,Pornography | Adult Themes | CIPA Filter | CIPA
https://kinghorsetotox53.com,50000,
https://sistema.cilia.com.br,50000,
https://dgii.gov.do,50000,"Politics, Advocacy, and Government-Related | Government & Politics"
https://signin.esmplus.com,100000,
https://fm.delhivery.com,100000,
https://ptw.uppcl.org,100000,
https://education.cpacanada.ca,100000,
https://onthego.hdbfs.com,100000,
https://aswbe.ana.co.jp,50000,
https://www.jitawin.com,50000,CIPA Filter | CIPA | Alcohol | Society & Lifestyle
https://m.taya365.pro,50000,
https://shop.sorgenta.com,100000,
https://proshoper.ru,100000,Coupons | Shopping & Auctions | Personal Blogs | Internet Communication
https://nt.m-trader.pro,50000,
https://online.deu.edu.tr,50000,
https://englishpracticetest.net,100000,Personal Blogs | Internet Communication | Business | Business & Economy | Education
https://www.foxcarolina.com,50000,News & Media | Entertainment | Video Streaming
https://ternate.tribunnews.com,100000,
https://www.breeze.ca.gov,100000,Government/Legal | Government & Politics
https://www.autodoc.bg,100000,Ecommerce | Shopping & Auctions | Vehicles
https://www.essence.eu,100000,Ecommerce | Shopping & Auctions | Fashion | Society & Lifestyle
https://www.junaeb.cl,100000,"Politics, Advocacy, and Government-Related | Government & Politics | Education"
https://bloodyelbow.com,50000,Sports | News & Media | Entertainment
https://todayeggrate.in,100000,Business | Business & Economy | Food & Drink | Society & Lifestyle
https://www.bv999f.com,100000,CIPA Filter | CIPA | Gambling
https://www.verywellmind.com,50000,Health & Fitness | Health | Reference | Education
https://redporn.tv,50000,Pornography | Adult Themes | CIPA Filter | CIPA
http://publication.pravo.gov.ru,50000,
https://support.norton.com,100000,
https://frankie4.com,100000,Clothing | Society & Lifestyle | Ecommerce | Shopping & Auctions
https://coolrom.com.au,50000,
https://pacientes.saludcorrientes.gob.ar,100000,
https://www.kotakmf.com,50000,Personal Finance | Business & Economy | Brokerage & Investing
https://go.nusamed.co.id,100000,
https://ghconline.gov.in,100000,
https://admin.bancoprata.com.br,100000,
https://kingdomtotox53.com,50000,
https://delimajitu.rodeo,100000,CIPA Filter | CIPA
https://www.capcom-games.com,100000,Gaming | Entertainment
https://www.iheartnaptime.net,100000,Personal Blogs | Internet Communication
https://sharqschool.sa,100000,Vehicles
https://konkurent.ru,50000,Business | Business & Economy
https://tvchak187.com,50000,
https://raw1001.net,50000,Login Screens | Miscellaneous
https://ambfatthai.com,100000,Gambling | CIPA Filter | CIPA
https://www.dn.no,50000,News & Media | Entertainment
https://www.stoffe-hemmers.de,100000,Ecommerce | Shopping & Auctions
https://sebelasmineral.com,50000,
https://cuadra.com.mx,100000,Clothing | Society & Lifestyle | Ecommerce | Shopping & Auctions | Fashion
https://videito.sbs,100000,
https://www.newpkluck.com,50000,CIPA Filter | CIPA | Gambling
https://www.rondo.cz,50000,Search Engines | Technology
https://signup.zerodha.com,100000,
https://pelisipad.com,50000,Movies | Entertainment | Questionable Activities | Questionable Content | Video Streaming | CIPA Filter | CIPA
https://plus.espn.com,100000,
https://sportske.net,50000,Sports | News & Media | Entertainment | Video Streaming
https://www.donanimhaber.com,50000,News & Media | Entertainment | Technology
https://zubinovelszone.com,50000,Education
https://turbo78a.xyz,100000,
https://base44.com,50000,Artificial Intelligence | Technology
https://www.directv.com.ar,100000,
https://saranajuara.online,100000,
https://centrodeayuda.chilexpress.cl,100000,
https://directpay.wellsfargo.com,100000,
https://www.footballfancast.com,100000,Personal Blogs | Internet Communication | Sports | Video Streaming | Entertainment
https://elrefugiodelpirata.com,100000,Movies | Entertainment
https://oswbus.com,100000,News & Media | Entertainment
https://www.bohrium.com,50000,Content Servers | Technology
https://coreldrawdesign.com,100000,Technology | Photography | Society & Lifestyle
https://www.siigo.com,50000,Business | Business & Economy
https://eltoque.com,50000,News & Media | Entertainment
https://delfi.rs,100000,Education | Ecommerce | Shopping & Auctions
https://www.guru365.com,100000,CIPA Filter | CIPA | Gambling
https://zouq.pk,100000,Ecommerce | Shopping & Auctions | Fashion | Society & Lifestyle
https://www.vw.com,50000,Vehicles
https://www.laprovinciacr.it,50000,News & Media | Entertainment
https://www.1000farmacie.it,50000,Ecommerce | Shopping & Auctions
https://gtaforums.com,100000,Gaming | Entertainment | Forums | Internet Communication
https://sedeclave.dgt.gob.es,50000,
https://survey.researchresults.com,50000,
https://www.purplebricks.co.uk,100000,Real Estate
https://causelist.tshc.gov.in,50000,
https://www.wildling.shoes,100000,Clothing | Society & Lifestyle | Ecommerce | Shopping & Auctions
https://etax2.mef.gob.pa,100000,
https://tamashiiweb.com,100000,Safe for Kids
https://xnxx.nutaku.net,50000,Pornography | Adult Themes | CIPA Filter | CIPA
https://tet.fconline.garena.vn,50000,
https://www.aerzteblatt.de,100000,Health & Fitness | Health | News & Media | Entertainment
https://sonetas.eu,50000,Technology
https://shibboleth.ucdavis.edu,100000,
https://www.toctoc.com,100000,Real Estate
https://www.ekonomim.com,50000,News & Media | Entertainment
https://exokaks.com,100000,
https://frequencia.prf.gov.br,100000,
https://www.momondo.dk,100000,Shopping | Shopping & Auctions | Travel
https://nafar.mta.or.id,100000,
https://coop-land.ru,100000,Gaming | Entertainment
https://www.eazydiner.com,100000,Food & Drink | Society & Lifestyle
https://www.insurgentesuin.mx,50000,Education
https://vldey.mom,50000,Social Networks | Society & Lifestyle
https://agwl4.suksesbogil.com,50000,
https://www.zerohanger.com,100000,Sports
https://auth.covetrus.com,50000,Business | Business & Economy | Pets | Society & Lifestyle
https://forms.zohopublic.in,50000,Business | Business & Economy
https://moja.superfaktura.sk,50000,
https://teufel.de,50000,Technology | Ecommerce | Shopping & Auctions
https://portal2.paybingo.in,50000,
https://topcor.ru,50000,News & Media | Entertainment
https://royaltotox41.com,50000,
https://sow.pfron.org.pl,100000,
https://track.bpost.cloud,50000,Business | Business & Economy
https://limbouruguay.com,50000,Adult Themes | CIPA Filter | CIPA
https://image.itmedia.co.jp,50000,
https://www.fazenda.mg.gov.br,50000,"Politics, Advocacy, and Government-Related | Government & Politics"
https://www.malabargoldanddiamonds.com,50000,Ecommerce | Shopping & Auctions | Fashion | Society & Lifestyle
https://careers.caterpillar.com,100000,
https://agent.smith.ai,100000,
https://app.briguna.bri.co.id,100000,
https://winline.by,100000,Gambling | CIPA Filter | CIPA
https://jitubahagia.com,100000,Gambling | CIPA Filter | CIPA
https://cursos.cruzeirodosulvirtual.com.br,50000,
https://digital.dito.ph,50000,
https://admin.match44.com,100000,
https://baodongnai.com.vn,100000,News & Media | Entertainment
https://www.pplelectric.com,100000,Content Servers | Technology
https://www.macstoreonline.com.mx,50000,Ecommerce | Shopping & Auctions | Information Technology | Technology
https://jinji.jinjer.biz,50000,
https://football.kapook.com,50000,Sports | Video Streaming | Entertainment | News & Media
https://www.musbi.net,50000,Technology
https://avis-deces.ladepeche.fr,50000,News & Media | Entertainment | Health & Fitness | Health
https://ktimatologio.gov.gr,50000,"Politics, Advocacy, and Government-Related | Government & Politics"
https://brocoflix.xyz,100000,Video Streaming | Entertainment | CIPA Filter | CIPA | Movies | Questionable Activities | Questionable Content
https://www.asiaone.com,50000,News & Media | Entertainment
https://m.flashscore.com.ua,100000,
https://sdhc.instructure.com,50000,Educational Institutions | Education
https://www.deagostini.com,100000,Arts & Crafts | Society & Lifestyle
https://chpmugla.org.tr,50000,News & Media | Entertainment
https://podrobno.uz,50000,News & Media | Entertainment
https://www.educacao.df.gov.br,50000,"Politics, Advocacy, and Government-Related | Government & Politics"
https://www.colorstv.com,100000,Television | Entertainment
https://rakbankonline.ae,100000,Personal Finance | Business & Economy
https://unity.instructure.com,100000,
https://it.tradingview.com,50000,
https://akademik.upnvj.ac.id,100000,
https://labour.mponline.gov.in,100000,
https://ltt-939.com,100000,Gambling | CIPA Filter | CIPA
https://www.porco-rosso.co.jp,100000,Ecommerce | Shopping & Auctions
https://jornal.usp.br,50000,
https://dapjibook.com,100000,Education
https://goldengirls24.ru,100000,Pornography | Adult Themes | CIPA Filter | CIPA
https://www.ncsasports.org,100000,Job Search & Careers | Sports
https://th.xhtotal.com,50000,
https://a6hzy7rm-game.qa5ttggbb.com,50000,
https://ruger.com,100000,Weapons | Military & Weapons | CIPA Filter | CIPA | Ecommerce | Shopping & Auctions
https://www.afpbb.com,50000,News & Media | Entertainment
https://www.iiserpune.ac.in,100000,Educational Institutions | Education
https://www.etecsa.cu,100000,Information Technology | Technology
https://www.jokerzone68.com,100000,Gaming | Entertainment
https://bpnet.gbp.ma,100000,
https://sarahah.pro,100000,Login Screens | Miscellaneous
https://www.claro.com.pe,50000,Technology | Information Technology
https://tsuruha-kcp.com,50000,
https://oldmillschool.org,100000,Education
https://www.sunnyside.shop,100000,Drugs | Questionable Content | Ecommerce | Shopping & Auctions | Health & Fitness | Health | CIPA Filter | CIPA
https://www.diuwin8.com,50000,
https://accounts.zoho.com,50000,Technology
https://www.forum-movie.net,100000,Movies | Entertainment
https://www.12cbaji.com,100000,Gambling | CIPA Filter | CIPA
https://rudalpaksa.baby,100000,Login Screens | Miscellaneous
https://tcb-staff.medical-frontier.net,50000,
https://recetas.elperiodico.com,50000,
https://mblogin.verizonwireless.com,100000,
https://lostiefangames.blogspot.com,100000,Gaming | Entertainment
https://w3.pcesecure.com,50000,
https://emailus.usps.com,100000,
https://english.elpais.com,50000,
https://www.opten.hu,100000,Business | Business & Economy
https://asep635.com,50000,
https://vipzinho.com.br,100000,Travel | Entertainment | Personal Blogs | Internet Communication
https://myclinicalexchange.com,100000,Educational Institutions | Education | Technology
https://planet.ltfs.com,100000,
https://www.brico.be,50000,Business | Business & Economy
https://randomtarotcard.com,100000,
https://edea.schools.ac.cy,100000,
https://dontstarve.fandom.com,100000,
https://www.websal.com,100000,
https://www.candaulib.com,50000,Forums | Internet Communication
https://djb.gov.in,50000,"Politics, Advocacy, and Government-Related | Government & Politics"
https://auth2.picpay.com,100000,
https://vlebazaar.in,50000,Information Technology | Technology | Ecommerce | Shopping & Auctions
https://www.native-instruments.com,50000,Technology | Ecommerce | Shopping & Auctions
https://katmoviehd.pictures,50000,Movies | Entertainment | Questionable Activities | Questionable Content | Video Streaming | CIPA Filter | CIPA
https://santaretail.by,100000,
https://elftoon.com,50000,Cartoons & Anime | Entertainment
https://www.campograndenews.com.br,50000,News & Media | Entertainment
https://asfconstruction.in,100000,News & Media | Entertainment
https://harmonizers-jp.com,100000,
https://www.powerschool.com,50000,
https://alumnos.oposalud.net,50000,
https://playgd.mobi,100000,
https://payments.juspay.in,50000,
https://mancingduit80412.com,50000,Gambling | CIPA Filter | CIPA
https://www.christies.com,50000,Auctions & Marketplaces | Shopping & Auctions
https://def.sonoincloud.it,100000,
https://www.kipas899.id,100000,
https://labyrinthos.co,50000,Ecommerce | Shopping & Auctions | Astrology | Society & Lifestyle
https://pwavip.bbttbet55.com,50000,
https://www.do-re.com.tr,100000,
https://www.synchrony.com,50000,Personal Finance | Business & Economy
https://online.canarabank.bank.in,50000,
https://free.webcompanion.com,100000,
https://l.ead.me,100000,
https://formation-civique.interieur.gouv.fr,100000,
https://www.toyscenter.it,50000,
https://www.olx.pt,50000,Auctions & Marketplaces | Shopping & Auctions
https://tap.bio,50000,
https://app.corestudycast.com,100000,
https://auth.lifecell.ua,50000,
https://home.testnav.com,50000,
https://savaya55-gacor.pausorca.site,100000,
https://www.apdclrms.com,50000,Login Screens | Miscellaneous
https://www.junodownload.com,100000,Music | Entertainment | Audio Streaming
https://nolenam0226h.koipasti.tv,50000,
https://www.rzd.ru,50000,
https://www.tuenti.com.ar,50000,Information Technology | Technology
https://www.solpass.org,100000,Education
http://www.olli.gmu.edu,50000,
https://www.dove.com,50000,Health & Fitness | Health | Ecommerce | Shopping & Auctions | Fashion | Society & Lifestyle
https://www.lideractual.es,100000,
https://v4x6qn.com,100000,
https://www.suedtirol.info,100000,Travel
https://m.aktiencheck.de,100000,
https://sribalajieducationaltrust.in,100000,
https://www.entel.bo,100000,Information Technology | Technology
https://pt.linkedin.com,100000,
https://www.britishnewspaperarchive.co.uk,50000,
https://painel-saj.sajmp.mpsp.mp.br,100000,
https://www.sgamer.net,100000,News & Media | Entertainment
https://tribunademinas.com.br,50000,News & Media | Entertainment
https://nieis.namibiaatwork.gov.na,100000,
https://mibait.com,50000,Information Technology | Technology
https://www.currentcatalog.com,100000,Ecommerce | Shopping & Auctions
https://www.diariodepernambuco.com.br,50000,Video Streaming | Entertainment | News & Media
https://novelsnext.com,50000,Education | Personal Blogs | Internet Communication
https://goodmockups.com,100000,
https://app.maino.com.br,100000,
https://wall.alphacoders.com,50000,
https://joiplay.net,100000,Gaming | Entertainment | Technology
https://portals10.ascendertx.com,100000,
https://app.penserevalida.com,100000,
http://www.vsetv.com,50000,Television | Entertainment
https://autolog.autos,100000,Information Security | Internet Communication
https://www.suburbia.com.mx,50000,Ecommerce | Shopping & Auctions
https://silkroad.gamegami.com,100000,
https://www.dnaindia.com,50000,
https://startright.scotiabank.com,100000,
https://www.barenecessities.com,100000,Lingerie & Bikini | Society & Lifestyle | Ecommerce | Shopping & Auctions
https://www.offspring.co.uk,100000,Clothing | Society & Lifestyle | Ecommerce | Shopping & Auctions
https://www.secsports.com,100000,
https://liigaporssi.fi,50000,
https://notesfrompoland.com,100000,News & Media | Entertainment
https://sticker18.com,50000,Pornography | Adult Themes | CIPA Filter | CIPA
https://www.wort.lu,100000,News & Media | Entertainment
https://radisoftplus.com,100000,Login Screens | Miscellaneous
https://www.sconlinesales.com,100000,Auctions & Marketplaces | Shopping & Auctions
https://new.lewd.ninja,50000,Pornography | Adult Themes | CIPA Filter | CIPA
https://www.climaaovivo.com.br,100000,Weather
https://www.daytondailynews.com,100000,News & Media | Entertainment
https://www.bihon.ro,100000,
https://raja123soft.site,50000,
https://www.deporvillage.fr,50000,Ecommerce | Shopping & Auctions
https://www.line.me,100000,Instant Messengers | Internet Communication | Internet Phone & VOIP
https://www.sana-net.jp,50000,
https://dizipal2027.com,100000,
https://www.hippoland.net,100000,
https://vcolle-men.pluspo.net,50000,
https://apastyle.apa.org,100000,
https://pay.rupeerush.cc,100000,
https://www.bubet.bi,100000,
https://us.shopping.search.yahoo.com,100000,Search Engines | Technology
https://app.contabilizei.com.br,100000,
https://42gnd0.com,100000,
https://www.igrice123.rs,50000,
https://newkey.cny.com.br,100000,
https://www.cdjapan.co.jp,100000,Ecommerce | Shopping & Auctions
https://fiyat.mercedes-benz.com.tr,100000,
https://wiki.vintagestory.at,100000,
https://www.1stdibs.com,50000,Ecommerce | Shopping & Auctions | Arts | Entertainment
https://topgamevip.info,100000,
https://prodejny.kaufland.cz,100000,
https://leakslove.com,100000,
https://lumenx.in,100000,Vehicles
https://payecom.ru,50000,
https://www.companyhouse.de,100000,Business | Business & Economy
https://austinisd.us001-rapididentity.com,50000,
https://www.budsgunshop.com,50000,
https://front.sigese.huayra.com.ar,100000,
https://form.svhrt.com,50000,Shopping | Shopping & Auctions
https://kyiv.tsn.ua,100000,
https://thetinycar-yang-pertama.pages.dev,100000,
http://iup.jp,100000,Pets | Society & Lifestyle
https://29hokistar.com,100000,
https://amp.xhopen.com,100000,Nudity | Adult Themes | CIPA Filter | CIPA | Pornography
https://www.liqui-moly.com,100000,
https://jagolex.it.com,100000,
https://www.etmoney.com,50000,Economy & Finance | Business & Economy | Technology
https://lodz.oglaszamy24.pl,100000,
https://portal.hrindomaret.com,100000,
https://tepta.top,100000,Dating & Relationships | Society & Lifestyle
https://www.te.eg,50000,Information Technology | Technology
https://viajes.nationalgeographic.com.es,50000,
https://jp.translink.com.au,100000,
https://www.gunduzniyetine.com,50000,Astrology | Society & Lifestyle
https://021sex.net,100000,
https://human.biodigital.com,100000,
https://canvas.harvard.edu,50000,
https://www.518bet12.com,100000,CIPA Filter | CIPA | Gambling
https://carnewschina.com,50000,Vehicles | News & Media | Entertainment
https://www.costcoauto.com,100000,Vehicles | Coupons | Shopping & Auctions
https://www.empower.com,50000,
https://boxofficevietnam.com,100000,Movies | Entertainment
https://yes.bet,100000,
https://www.lendingtree.com,100000,Content Servers | Technology
https://app.blubank.com,100000,
https://www.zs999d.com,50000,Gambling | CIPA Filter | CIPA
https://gg.deals,50000,Gaming | Entertainment | Hobbies & Interests | Society & Lifestyle | Shopping | Shopping & Auctions
https://cas.monbureaunumerique.fr,50000,
https://platobr.com.br,100000,News & Media | Entertainment | Travel
https://empresas.mercantilbanco.com,50000,
https://imgfy.net,50000,Photography | Society & Lifestyle
https://www.taaze.tw,50000,Education
https://taming.io,100000,
https://entreesmoothstir.com,50000,Information Security | Internet Communication
https://tomekyun.com,100000,
https://fb.dramabox.com,100000,
https://www.yy567game1.com,50000,
https://konsoleh.hetzner.com,100000,
https://rhom.restorationhardware.com,100000,
https://wtflex.in,50000,Ecommerce | Shopping & Auctions | Fashion | Society & Lifestyle
https://www.gohighlevel.com,100000,Business | Business & Economy
https://www.snrshopping.com,100000,
https://egras.rajasthan.gov.in,50000,
https://gustoeshop.com,100000,Clothing | Society & Lifestyle | Fashion | Ecommerce | Shopping & Auctions
https://www.pizzahut.jp,50000,Food & Drink | Society & Lifestyle
https://sushiscan.fr,50000,
https://pompomlondon.com,100000,
https://www.laarena.com.ar,50000,News & Media | Entertainment
https://www.tunisianet.com.tn,50000,
https://cs109.divokekmeny.cz,50000,Gaming | Entertainment
https://lattafa.com,100000,Ecommerce | Shopping & Auctions | Fashion | Society & Lifestyle | Hobbies & Interests
https://ja.thisvid.com,50000,
https://www.ancol.com,50000,Real Estate
https://rr88ttkm.com,100000,Gambling | CIPA Filter | CIPA
https://bh.colsanitas.com,50000,
https://katitube.com,50000,Pornography | Adult Themes | CIPA Filter | CIPA | Questionable Activities | Questionable Content
https://www.yalachoot.com,100000,
https://crmapollo.com.br,100000,Business | Business & Economy
https://list.in.ua,50000,Search Engines | Technology
https://tnuhq0d17t.jihdidwpce.net,100000,
https://carmarket.bg,100000,Vehicles
https://app.calltrackingmetrics.com,100000,
https://www.ving.no,50000,Travel
https://www.vinted.be,50000,Clothing | Society & Lifestyle
https://tripjack.com,50000,Travel
https://medisep.kerala.gov.in,100000,
https://fakaza.com,50000,Music | Entertainment
https://www.oceane.com.br,100000,
https://www.planet-tv.si,100000,Technology
https://www.toyota.co.nz,100000,Vehicles
https://lt.wikipedia.org,50000,
https://l5p4a7d.com,100000,
https://elearning.vlu.edu.vn,100000,
https://makeup.md,50000,Fashion | Society & Lifestyle
https://www.skiresort.fr,100000,Sports
https://www.bricomarche.pl,50000,Ecommerce | Shopping & Auctions
https://prace.bazos.cz,50000,
https://www.518.com.tw,100000,
https://movi-movi.com,100000,Shopping | Shopping & Auctions
https://www.midrag.co.il,50000,Search Engines | Technology
https://cms.brksyariah.co.id,100000,
https://de.spankbang.com,50000,Pornography | Adult Themes | CIPA Filter | CIPA
https://www.passport.gov.mm,100000,"Politics, Advocacy, and Government-Related | Government & Politics"
https://honeytoons.com,100000,Education
https://dampden.com,100000,Ecommerce | Shopping & Auctions | Health & Fitness | Health | Personal Blogs | Internet Communication
https://mychart.metrohealth.org,100000,
https://olxdes.com,100000,CIPA Filter | CIPA | Gambling
https://helo.cerah88push.com,100000,
https://www.topsecret.pl,50000,Ecommerce | Shopping & Auctions | Clothing | Society & Lifestyle
https://boshitam.site,100000,
https://www.teamtalk.com,50000,Sports | News & Media | Entertainment
https://spada15.ums.ac.id,100000,
https://www.terabox.com,50000,File Sharing | Technology
https://www.pitbulljeans.com.br,100000,Clothing | Society & Lifestyle
https://rue20.com,50000,Video Streaming | Entertainment | News & Media
https://belparyaj.com,50000,Gambling | CIPA Filter | CIPA
https://fap-guru.pro,50000,Pornography | Adult Themes | CIPA Filter | CIPA
https://clubllondon.us,100000,Clothing | Society & Lifestyle | Ecommerce | Shopping & Auctions | Lingerie & Bikini
https://giacaphe.com,50000,News & Media | Entertainment
https://thebigmansworld.com,50000,
https://sarasota.craigslist.org,100000,
https://pautasocial.com.br,50000,News & Media | Entertainment
https://www.reviersport.de,50000,Video Streaming | Entertainment | News & Media | Sports
https://www.klikni.hr,50000,Technology
https://www.tasteofhome.com,50000,Food & Drink | Society & Lifestyle | Magazines | Entertainment
https://kundoluk.edu.kg,100000,
https://www.statesman.com,50000,News & Media | Entertainment
https://www.musicnotes.com,50000,Music | Entertainment | Ecommerce | Shopping & Auctions
https://m.epost.go.kr,100000,
https://koyso.com,50000,CIPA Filter | CIPA | Gaming | Entertainment | Adult Themes
https://login.zatca.gov.sa,100000,
https://www.drmacanic.co.kr,50000,Ecommerce | Shopping & Auctions | Fashion | Society & Lifestyle
https://help.samsclub.com,100000,
https://identity.metlife.com,100000,
https://vg123gg4.com,100000,Gambling | CIPA Filter | CIPA
https://phoenix.scdhhs.gov,100000,
https://sequel247.com,50000,Login Screens | Miscellaneous
https://drdipenpatel.com,50000,
https://webtapu.tkgm.gov.tr,100000,
https://www.pinhome.id,100000,Real Estate
https://7.doramatv.ru,100000,Questionable Activities | Questionable Content | Television | Entertainment | Video Streaming | CIPA Filter | CIPA
https://pompom456.net,50000,Gambling | CIPA Filter | CIPA
https://bhunaksha.cg.nic.in,50000,
https://app.chariow.com,100000,
https://www.dlt-elearning.com,50000,Education
https://awb.fancourier.ro,50000,
https://www.naturemade.com,100000,Health & Fitness | Health
https://ff5ch.syoboi.jp,100000,
https://www.l4m7v0.com,100000,
https://blog.hollywoodbets.net,100000,
https://khanthep.in.th,100000,Ecommerce | Shopping & Auctions
https://www.osaka-kyosai.osaka.jp,100000,Vehicles
https://tujuhbelas0226h.koipasti.tv,50000,
https://elafak.com,100000,Login Screens | Miscellaneous
https://my.jjwxc.net,100000,Education
https://bandartotozeus.com,100000,Gambling | CIPA Filter | CIPA
https://ktar.com,100000,News & Media | Entertainment | Video Streaming
https://www.cipc.co.za,100000,Business | Business & Economy
https://karapaia.com,100000,News & Media | Entertainment
https://campusvirtual-sifods.minedu.gob.pe,50000,
https://koltozzbe.hu,100000,Real Estate
https://www.rankia.com,50000,Economy & Finance | Business & Economy
https://wcti12.com,100000,News & Media | Entertainment | Video Streaming
https://mamen123mobile.com,100000,Gaming | Entertainment | CIPA Filter | CIPA | Gambling
https://www.ssgame666h.com,100000,
https://onlinefreenotes.com,50000,Education
https://cloudz.fun,50000,Humor | Entertainment | Shopping | Shopping & Auctions
https://xibet.fun,50000,
https://stylejaipur.com,50000,Login Screens | Miscellaneous
https://entertainment.ie,100000,Entertainment
https://www.asic.gov.au,100000,"Politics, Advocacy, and Government-Related | Government & Politics"
https://www.sixflags.com,50000,Travel
https://citations.ouest-france.fr,50000,
https://www.chumbacasino.com,50000,CIPA Filter | CIPA | Gambling | Gaming | Entertainment
https://top-radio.ru,50000,Audio Streaming | Entertainment
https://tfwiki.net,50000,Cartoons & Anime | Entertainment | Education
https://www.thoughtco.com,50000,Education
https://55brlbet.com,100000,Gambling | CIPA Filter | CIPA
https://capacitacion2.msp.gob.ec,100000,
https://otoseken.gridoto.com,100000,
https://vynus.org,100000,Business | Business & Economy | Technology
https://mpo88asiacut.org,100000,
https://sonybank.jp,50000,Personal Finance | Business & Economy
https://www.ztm.poznan.pl,100000,Travel
https://www.pourdebon.com,100000,Food & Drink | Society & Lifestyle
https://bn.javanan.org,100000,
https://navodaya.gov.in,50000,
https://www.qualcomm.com,100000,Technology
https://idm.jioconnect.com,50000,
https://oclick.com.br,50000,Food & Drink | Society & Lifestyle
https://samvidha.iare.ac.in,50000,
https://cloud.digital.endesaclientes.com,100000,
https://new-clock-restaurant.shop,100000,Gambling | CIPA Filter | CIPA
https://www.searchpeoplefree.com,100000,Search Engines | Technology
https://www.myplannedparenthoodchart.org,100000,Login Screens | Miscellaneous
https://krasnodar.hh.ru,50000,
https://www.ferry-sunflower.co.jp,100000,Travel
https://www.multimango.com,50000,Login Screens | Miscellaneous
https://zhn47tru8q.tigzvbzgtp.net,100000,
https://fr.linkedin.com,50000,
https://www.americanapipedream.com,100000,Ecommerce | Shopping & Auctions
https://brightpay.cloud,50000,
https://www.latloto.lv,50000,Gambling | CIPA Filter | CIPA
https://www.f4wonline.com,100000,News & Media | Entertainment | Sports
https://www.upfc.jp,50000,
https://www.parks.ca.gov,100000,Government/Legal | Government & Politics
https://directlot.ru,100000,Ecommerce | Shopping & Auctions
https://mbisnis.astraotoshop.com,100000,
https://www.cp.pt,50000,Vehicles | Travel
https://www.pogo.com,50000,Gaming | Entertainment
https://russianemirates.com,100000,News & Media | Entertainment
https://mlive24.org,100000,Pornography | Adult Themes | CIPA Filter | CIPA
https://kith.com,100000,Clothing | Society & Lifestyle | Ecommerce | Shopping & Auctions
https://snaptrading.co,50000,Brokerage & Investing | Business & Economy
https://maree.info,100000,Shareware/Freeware | Technology
https://gruposanta.insightcare.com.br,100000,
https://fsiblog.tube,50000,Pornography | Adult Themes | CIPA Filter | CIPA
https://www.geosuper.tv,100000,Sports
https://www.kwikbet.co.ke,100000,Gambling | CIPA Filter | CIPA | Sports
https://app.unv.org,100000,
https://moescape.ai,50000,Arts | Entertainment | Hobbies & Interests | Society & Lifestyle
https://login.disney.com,50000,
https://pafi-kabkuburaya.org,100000,
https://www.ponudadana.hr,100000,Ecommerce | Shopping & Auctions
https://www.jojobet1132.com,50000,Gambling | CIPA Filter | CIPA
https://www.carone.com.ar,100000,Vehicles
https://pwwh1l19.com,50000,
https://candidate.hr-manager.net,100000,
https://www.turtlediary.com,100000,Gaming | Entertainment | Safe for Kids | Education
https://linkareer.com,100000,Job Search & Careers
https://www.unired.cl,50000,Economy & Finance | Business & Economy
https://qgis.org,100000,Technology
https://duitku11.net,100000,Dating & Relationships | Society & Lifestyle
https://uauction2.uamulet.com,50000,
https://apextraderfunding.com,100000,Brokerage & Investing | Business & Economy
https://chintai-ex.jp,50000,Real Estate
https://ac.coj.go.th,100000,
https://todaykhv.ru,100000,News & Media | Entertainment
https://www.tsuritenki.jp,50000,Sports
https://a60749.app.gree-pf.net,100000,
https://sg.trip.com,50000,
https://thehornetonline.com,50000,"Politics, Advocacy, and Government-Related | Government & Politics | News & Media | Entertainment"
https://panel.alphaschool.ir,100000,
https://secure.srfax.com,50000,
https://juridico.bb.com.br,100000,
https://www.shop.ipzs.it,100000,Education
https://www.openbank.es,50000,Economy & Finance | Business & Economy
https://synergy.hdbfs.com,50000,
https://happymod.ar.uptodown.com,100000,
https://www.baywa.de,100000,Business | Business & Economy
https://bossmatka.me,50000,Gambling | Gaming | Entertainment | CIPA Filter | CIPA
https://engage.dyson.com,100000,
https://www.shiply.com,50000,Business | Business & Economy
https://onlyindianx.cc,50000,Pornography | Adult Themes | CIPA Filter | CIPA
https://video.online-convert.com,100000,
https://www.2777bet2.com,100000,CIPA Filter | CIPA | Gambling
https://genshin-impact-map.appsample.com,50000,
https://www.98hibajee.com,50000,Gambling | CIPA Filter | CIPA
https://www.xn--18-3qi1e6drb.net,100000,Pornography | Adult Themes | CIPA Filter | CIPA
https://www.phorbs.com,50000,
https://www.drogarianovaesperanca.com.br,100000,Health & Fitness | Health
https://nyai.gtatogel.ink,100000,
https://app.bitly.com,100000,URL Alias/Redirect | Miscellaneous
https://www.portaljob-madagascar.com,50000,Job Search & Careers
https://tudonumclick.com,100000,Movies | Entertainment | Television
https://app.mintifi.com,100000,
https://www.p-do.ne.jp,100000,Gambling | CIPA Filter | CIPA
https://www.football-zone.net,50000,Sports | News & Media | Entertainment
https://www.sportsline.com,100000,Gambling | Sports | CIPA Filter | CIPA
https://037-anime.com,100000,Video Streaming | Entertainment | Cartoons & Anime
https://dom.ru,100000,Information Technology | Technology
https://bokeptoket.ws,50000,CIPA Filter | CIPA | Pornography | Adult Themes
https://delapan.tante777menang.com,50000,
https://www.ugent.be,100000,Educational Institutions | Education
https://login.myaccount.postcodelottery.co.uk,100000,
https://creators.crafto.app,50000,
https://www.cougarillo.com,100000,CIPA Filter | CIPA | Pornography | Adult Themes
https://www.stych.fr,50000,Vehicles | Educational Institutions | Education
https://meucorreios.correios.com.br,50000,
https://www.minuto30.com,100000,News & Media | Entertainment | Video Streaming
https://laroza.quest,50000,CIPA Filter | CIPA | Movies | Entertainment | Questionable Activities | Questionable Content | Video Streaming
https://bigfarm.com,100000,Gaming | Entertainment
https://seller-ph.tiktok.com,50000,
https://dc.fandom.com,50000,
https://688v.work,100000,
https://smadshop.md,50000,Ecommerce | Shopping & Auctions | Shopping
https://www.maaltijdenbox.nl,50000,CIPA Filter | CIPA
https://lms.zand.ac.ir,100000,
https://tieku.fi,100000,News & Media | Entertainment
https://percayadayak777.site,100000,CIPA Filter | CIPA | Gambling
https://www.devicemart.co.kr,100000,Ecommerce | Shopping & Auctions | Technology
https://xanimeporn.com,100000,Pornography | Adult Themes | CIPA Filter | CIPA
https://krenizdravo.dnevnik.hr,50000,
https://nureh.pk,50000,
https://www.popeyes.com,50000,Food & Drink | Society & Lifestyle
https://anime-indo.lol,50000,Cartoons & Anime | Entertainment | Video Streaming
https://academy.europa.eu,100000,
https://wamiz.com,50000,Pets | Society & Lifestyle
https://coccoc.com,100000,Shareware/Freeware | Technology
https://ketupattoto181.site,100000,Gaming | Entertainment | CIPA Filter | CIPA | Gambling
https://tubepilot.ai,100000,Music | Entertainment | Reference | Education
https://seriesbiblicas.net,50000,Religion & Spirituality | Religion
https://nyess.co.id,50000,Business | Business & Economy
https://9q7d4mme.com,100000,
https://rajsims.rajasthan.gov.in,100000,
https://www.harveynorman.co.nz,50000,Ecommerce | Shopping & Auctions
https://cdqa.rnli.org,50000,
https://www.collinsdictionary.com,50000,Reference | Education
https://c.ledauphine.com,50000,News & Media | Entertainment
https://pdvlegal.com.br,100000,Login Screens | Miscellaneous
https://www.sanador.ro,100000,Health & Fitness | Health
https://dewa1000tegas.com,100000,
https://www.merdeka.com,50000,News & Media | Entertainment
https://makeupstore.co.il,100000,Ecommerce | Shopping & Auctions | Fashion | Society & Lifestyle | Clothing
https://eid.istruzione.it,50000,
https://www.tropical-islands.de,100000,Travel
https://www.xandres.com,100000,Fashion | Society & Lifestyle
https://mobileandroidbr.com,100000,Personal Finance | Business & Economy
https://mobile.ok.ru,100000,Social Networks | Society & Lifestyle
https://www.insidehalton.com,50000,News & Media | Entertainment
https://sohagnatiga.somee.com,50000,
https://www.igunsul.net,50000,Advertisements | Ads
https://torrentbot231.site,100000,
https://shopbasebd.com,50000,Ecommerce | Shopping & Auctions
https://otonanswer.jp,50000,Personal Blogs | Internet Communication
https://update-your-details.homeoffice.gov.uk,50000,"Politics, Advocacy, and Government-Related | Government & Politics"
https://omtogelbintang.com,50000,
https://www.vasabladet.fi,50000,News & Media | Entertainment
https://www.twonfans.com,100000,Pornography | Adult Themes | CIPA Filter | CIPA
https://www.koha.net,100000,
https://www.kasidie.com,50000,"Adult Themes | Politics, Advocacy, and Government-Related | Government & Politics | CIPA Filter | CIPA"
https://www.plus500.com,50000,
https://mbc.aflam4you.net,50000,
https://dme.parachutehealth.com,100000,
https://www.jobs.bg,50000,Job Search & Careers
https://fastflirting.com,50000,Chat | Internet Communication | Dating & Relationships | Society & Lifestyle
https://www.yellowhat.jp,50000,Vehicles | Ecommerce | Shopping & Auctions
https://w14.chainedsoldier.com,100000,
https://www.12gobiking.nl,100000,Sports | Ecommerce | Shopping & Auctions
https://www.gundam-gcg.com,100000,Gaming | Entertainment | Hobbies & Interests | Society & Lifestyle
https://www.cureus.com,100000,Health & Fitness | Health
https://ok.koec.com.ua,50000,
https://www.meds.se,50000,Ecommerce | Shopping & Auctions | Health & Fitness | Health
https://l4p8d2n.com,100000,
https://login.anz.com,50000,Personal Finance | Business & Economy
https://enfe.superbaby.tv,50000,
https://www.junksemutwin.com,50000,Gambling | Gaming | Entertainment | CIPA Filter | CIPA
https://www.roompot.de,100000,Travel
https://www.brecks.com,100000,Ecommerce | Shopping & Auctions | Home & Garden | Society & Lifestyle
https://cm.maxient.com,50000,
https://ava.ufms.br,100000,
https://www.newstatesman.com,100000,Magazines | Entertainment
https://www.thecubicle.com,100000,Ecommerce | Shopping & Auctions | Safe for Kids
https://new13.gdflix.net,100000,
https://www.black-manga.com,50000,Comic Books | Entertainment
https://www.wheeloffortune.com,50000,Television | Entertainment
https://3557155.app.netsuite.com,100000,
https://h5.rsnsite.com,100000,
https://owners.marriottvacationclub.com,100000,
https://www.l86thi.com,100000,Gambling | CIPA Filter | CIPA
https://postcalc.usps.com,100000,
https://muzfine.net,100000,Video Streaming | Entertainment
https://calaratjadaguide.com,100000,Travel
https://my.aldimobile.com.au,100000,
https://pzwiki.net,100000,Education
https://ibis.net.ua,100000,CIPA Filter | CIPA | Weapons | Military & Weapons | Ecommerce | Shopping & Auctions
https://alphastrip.com,100000,Pornography | Adult Themes | CIPA Filter | CIPA
https://novelonline.ir,100000,Education
https://zoosexwithanimals.net,100000,Pornography | Adult Themes | CIPA Filter | CIPA | Questionable Activities | Questionable Content
https://artment.ir,100000,
https://www.matas.dk,50000,Ecommerce | Shopping & Auctions | Fashion | Society & Lifestyle
https://www.kuroimanga.top,100000,Comic Books | Entertainment
https://salt.gva.es,100000,
https://m.jinbao356.com,50000,
https://linear.app,50000,Technology | Business | Business & Economy
https://new.e-taxes.gov.az,50000,
https://uk.khaadi.com,50000,
http://onlineigry.com,50000,Gaming | Entertainment
https://www.pgdlisboa.pt,100000,"Government/Legal | Government & Politics | Politics, Advocacy, and Government-Related"
https://www.kakobuy.com,50000,Ecommerce | Shopping & Auctions
https://www.hymnal.net,100000,Religion & Spirituality | Religion | Audio Streaming | Entertainment
https://corpex.credit-agricole.ua,50000,
https://www.powerball.com,50000,Gambling | CIPA Filter | CIPA
https://pa.woco-k12.org,50000,
https://www.jobs.ch,50000,Job Search & Careers
https://www.szczyrkowski.pl,100000,Health & Fitness | Health
https://www.viacaocometa.com.br,100000,Travel
https://fbdownloader.to,50000,Information Technology | Technology
https://www.kinonews.ru,100000,Movies | Entertainment | Video Streaming
https://ja.tklivechat.com,50000,Pornography | Adult Themes | CIPA Filter | CIPA
https://my-cima.pro,50000,
https://login.iiflsamasta.com,50000,
https://codycross.com.br,100000,Hobbies & Interests | Society & Lifestyle
https://vipp.visualset.com.br,100000,
https://esp32.nontonx.com,50000,
https://pspro.ir,50000,Ecommerce | Shopping & Auctions | Gaming | Entertainment
https://game.mahjongsoul.com,50000,
https://www.independer.nl,100000,
https://oficinavirtual.edemsa.com,100000,
https://www.mybrt.it,50000,Business | Business & Economy
https://minhamoto.com,100000,Vehicles
https://grodno.btrans.by,50000,
https://www.bybit.eu,100000,Technology
https://partner.onebroadband.in,50000,
https://www.cmch-vellore.edu,100000,Educational Institutions | Education | Religion & Spirituality | Religion
https://kaishi.e-tax.nta.go.jp,100000,
https://manhwaus.net,100000,Pornography | Adult Themes | CIPA Filter | CIPA
https://www.wgrz.com,100000,News & Media | Entertainment
https://www.otiumvr.com,100000,
https://www.cartrade.com,50000,Vehicles
https://mulaidari.informa.co.id,100000,
https://joya9tv1.com,50000,CIPA Filter | CIPA | Questionable Activities | Questionable Content | Television | Entertainment | Video Streaming
https://login.gruposbf.com.br,50000,
https://www.addiesdivewatches.com,100000,Fashion | Society & Lifestyle | Ecommerce | Shopping & Auctions
https://www.yuvasathi.in,100000,"Politics, Advocacy, and Government-Related | Government & Politics"
https://kungfu4d-2.work,1000000,
https://www.biodatabanao.com,500000,Technology
https://1magnolialane.com,1000000,Ecommerce | Shopping & Auctions
https://my.webview.octawebsl.com,1000000,
https://www.urbansitter.com,1000000,Job Search & Careers
https://latkredits.lv,1000000,Personal Finance | Business & Economy
https://portalkc.iuiu.ac.ug,1000000,
https://evadweb.ev.uscourts.gov,1000000,
https://westseattleblog.com,500000,News & Media | Entertainment
https://bikesonline.com.au,500000,Ecommerce | Shopping & Auctions | Sports
https://www.etiketbio.eu,500000,Ecommerce | Shopping & Auctions
https://tecnisid.com,500000,Business | Business & Economy
https://congdaotao.tmu.edu.vn,500000,
https://services.virtualline.com.ar,500000,
https://meeting.mgovcloud.in,1000000,
https://df-gretflash.blogspot.com,1000000,Personal Blogs | Internet Communication
https://proyectos.marval.com.co,500000,
https://jobs.kpesrb.kerala.gov.in,500000,
https://masremu.maserp.cl,500000,
https://toto11resmi.com,1000000,
https://learn.elmwoodinstitute.org,1000000,
https://milestonehealthcenter.com,1000000,Health & Fitness | Health
https://www.molinorossetto.com,1000000,
https://foppolowebcam.it,1000000,Travel
https://agenda.dn.app.br,500000,
https://www.jvs-informatica.com,1000000,Technology
https://transantin.cl,500000,Travel
https://www.ipdro.com,500000,Audio Streaming | Entertainment
https://seoudisupermarket.com,1000000,Search Engines | Technology
http://bl.cecad-uabjo.mx,1000000,
https://americanvoterpolls.com,1000000,"Personal Blogs | Internet Communication | Politics, Advocacy, and Government-Related | Government & Politics | News & Media | Entertainment"
https://monitorul.fisc.md,500000,
https://account.tryvitadrive.com,500000,
https://napls.schoology.com,1000000,
https://app.clarisse-ernoux.com,500000,
https://tokgalaxis.hu,500000,Ecommerce | Shopping & Auctions
https://wall.cpidroid.com,1000000,
https://fun77dashgame.com,1000000,
https://ubits.com,1000000,Business | Business & Economy
https://one.netpeak.group,1000000,
https://lariskuda.com,500000,
https://www.lintea.it,1000000,Ecommerce | Shopping & Auctions
http://woiaeroreaderhtml.ana-inflight-wifi.com,1000000,
https://www.ukat.co.uk,1000000,Health & Fitness | Health
https://game.faunaqaq.com,500000,
https://topjav.tv,50000,Pornography | Adult Themes | CIPA Filter | CIPA
https://dentotoline.club,1000000,
https://gongnomok.com,1000000,
https://unellez.edu.ve,500000,Educational Institutions | Education
https://pcshop.vector.co.jp,500000,
https://www.vilinze.com,1000000,Business | Business & Economy
https://www.gojls.com,500000,Education
https://api.nebank.com,1000000,
https://rentmanapp.com,1000000,Login Screens | Miscellaneous
https://jira.nutanix.com,1000000,
https://students.buibsystems.org,500000,
https://www.invima.gov.co,500000,"Politics, Advocacy, and Government-Related | Government & Politics"
https://meeepa.jp,1000000,Technology
https://savayaslot.vip,500000,
https://www.smartoffice.jp,500000,
https://eproc-jur.trf4.jus.br,500000,
https://goldi.ua,500000,Clothing | Society & Lifestyle | Ecommerce | Shopping & Auctions
https://sultanov.ru,500000,Government/Legal | Government & Politics
https://ttk.gov.tr,500000,"Politics, Advocacy, and Government-Related | Government & Politics"
https://i.ua,500000,News & Media | Entertainment
https://accoutreclothing.com,1000000,Fashion | Society & Lifestyle | Ecommerce | Shopping & Auctions | Clothing
https://kkggxx.com,1000000,
https://jade18k.com,1000000,Ecommerce | Shopping & Auctions
https://wyib7zmb.com,1000000,
https://hopscotch-preschool.co.za,500000,Parenting | Society & Lifestyle | News & Media | Entertainment
https://guardaplay.pro,500000,Movies | Entertainment | Questionable Activities | Questionable Content | Video Streaming | CIPA Filter | CIPA
https://pingwi-proxy.cashzoomio.com,500000,
https://www.seibertron.com,500000,Forums | Internet Communication
https://igroray.ru,500000,Ecommerce | Shopping & Auctions | Gaming | Entertainment
https://moviebaaz.biz,500000,
https://www.groentennieuws.nl,500000,News & Media | Entertainment
https://mao.avon.it,500000,
https://royalenfield.pl,1000000,Ecommerce | Shopping & Auctions
https://www.koblenz.com.mx,500000,Home & Garden | Society & Lifestyle
https://goltogelbio.org,1000000,
https://telereport.org,500000,Login Screens | Miscellaneous
https://web-arhiva.skole.hr,500000,
http://www.federnuoto.toscana.it,500000,News & Media | Entertainment | Travel
https://econtent.msbte.edu.in,500000,
http://www.theboon.net,1000000,Travel
https://www.poelesabois.com,1000000,Business | Business & Economy
http://www.intrastat.ro,1000000,Education
https://doviz.ai,1000000,
https://drogueriadelcentro.com.mx,1000000,Ecommerce | Shopping & Auctions | Health & Fitness | Health
https://www.redcasino.com,500000,CIPA Filter | CIPA | Gaming | Entertainment | Gambling
https://www.bamaclass.com,1000000,Education
https://ru.diez.md,500000,
https://www.maset.com,1000000,CIPA Filter | CIPA | Alcohol | Society & Lifestyle
https://tt-net.tsubakimoto.co.jp,1000000,
https://academy.wd1.myworkdayjobs.com,1000000,
https://www.tables-auberges.com,500000,Travel
https://electri4ka.ua,1000000,Vehicles
https://www.imabari-kinsei.com,1000000,Hobbies & Interests | Society & Lifestyle
https://www.edaplayground.com,500000,Information Technology | Technology
https://www.familiaforce.com,500000,Technology
https://farmacosalud.com,1000000,Health & Fitness | Health
https://lms.svuonline.org,500000,
https://www.ablukaonline.com.tr,500000,Clothing | Society & Lifestyle
https://www.westjavatoday.com,1000000,News & Media | Entertainment
https://knygele.mruni.eu,1000000,
https://area.invex.com.tr,500000,
https://closeby2.com,1000000,Clothing | Society & Lifestyle | Ecommerce | Shopping & Auctions
https://lefkadapress.gr,1000000,
https://www.riminilambrettacentre.com,1000000,Ecommerce | Shopping & Auctions
https://ripit.app,1000000,Shareware/Freeware | Technology
https://ssfs.instructure.com,1000000,
http://grameenphonenb.portal.ncnd.mobi,1000000,
https://concursos.ufopa.edu.br,1000000,
https://mail.eleves.ens.psl.eu,500000,Webmail | Internet Communication
https://www.farmhousetack.com,1000000,Sports | Clothing | Society & Lifestyle | Ecommerce | Shopping & Auctions
https://ecollege.elearn.hrd.gov.tw,1000000,
https://kamohigh.school.kiwi,1000000,
https://www.schachbund.de,500000,Government/Legal | Government & Politics
https://clubedoprivacy.com,1000000,CIPA Filter | CIPA | Pornography | Adult Themes
https://siidee.com.mx,1000000,Educational Institutions | Education
https://proarab.com,1000000,News & Media | Entertainment
https://ortorex.at,1000000,Ecommerce | Shopping & Auctions
https://www.qrcreator.com,500000,Business | Business & Economy
https://idp1.turkuamk.fi,1000000,
https://identidad.buenosaires.gob.ar,500000,
https://community-bingo.mygate.com,500000,
https://kitaro-sdp.com,1000000,Vehicles
https://www.fnkv.cz,500000,Health & Fitness | Health
https://www.volvotrucks.de,1000000,Vehicles
https://bb27625.com,1000000,Gaming | Entertainment | CIPA Filter | CIPA | Gambling
https://www.dobojski.info,500000,News & Media | Entertainment
https://casinothor.bet,500000,CIPA Filter | CIPA | Gaming | Entertainment | Gambling
https://m.89sd32xle5d.com,1000000,CIPA Filter | CIPA | Gambling
https://sso.uca.edu,1000000,
https://thevelocityorg.in,500000,Technology
https://www.properhijab.com,1000000,Ecommerce | Shopping & Auctions
https://admin.guestintake.com,1000000,
https://halo.hud.ac.uk,1000000,
https://ue8pmrb.mys--lady-romance.com,1000000,
https://www.parentium.com,1000000,
https://sucediendo.com,500000,
https://www.bisdtx.org,1000000,
https://twpstudentportal.com,1000000,
https://druzya.by,1000000,Food & Drink | Society & Lifestyle | Alcohol | CIPA Filter | CIPA
https://jqk8.playlsm.com,500000,
https://dalal-jamm.unchk.sn,500000,
https://www.rebelscum.com,500000,
https://order24.utr.ua,500000,
https://indifferentbroccoli.com,1000000,Clothing | Society & Lifestyle | Fashion
https://www.msm.nl,500000,"Politics, Advocacy, and Government-Related | Government & Politics | Education"
https://www.osiptel.gob.pe,500000,"Politics, Advocacy, and Government-Related | Government & Politics"
https://www.afedim.fr,500000,
https://lowcostbins.co.nz,1000000,Hobbies & Interests | Society & Lifestyle | Business | Business & Economy
https://www.douglas.hu,500000,
https://vanrijswijkautos.nl,1000000,Technology
https://pay.iowataxandtags.org,500000,
https://www.travelleaders.com,1000000,Travel
https://ruacaninde383.meucatalogodigital.com,1000000,
https://www.socialnews.xyz,500000,News & Media | Entertainment
https://www.arrwin.com,1000000,
https://strong-beauty.tokyo,1000000,Fashion | Society & Lifestyle
https://vivutoday.com,500000,Travel
https://usd469.instructure.com,1000000,Technology
https://www.kamery24.org,1000000,Lifestyle | Society & Lifestyle
https://finance.gadgetstar.com.ng,1000000,
https://www.ipsantarem.pt,500000,
https://www.nawycieczke.pl,1000000,Travel
https://www.warrelics.eu,500000,Military | Military & Weapons | Hobbies & Interests | Society & Lifestyle | Forums | Internet Communication
https://thetechytalks.com,500000,Travel | News & Media | Entertainment
https://www.freemockupworld.com,1000000,Ecommerce | Shopping & Auctions | Hobbies & Interests | Society & Lifestyle | Arts | Entertainment
https://www.daedo.com,500000,Sports | Ecommerce | Shopping & Auctions
https://partner.rakez.com,500000,
https://statistik.arbeitsagentur.de,1000000,
https://e-kensin.plus,1000000,
https://www.pialife.co.jp,1000000,Real Estate
https://hidroponika.co.rs,1000000,Ecommerce | Shopping & Auctions
https://politica.expansion.mx,500000,
https://es-latam.support.motorola.com,500000,
https://h2h.sport,1000000,Gaming | Entertainment
https://www.order-cheese.com,1000000,Food & Drink | Society & Lifestyle | Ecommerce | Shopping & Auctions
https://direcional.my.site.com,1000000,
https://futsalrj.com.br,1000000,
https://support.carbonite.com,1000000,
https://houseofekam.com,1000000,Ecommerce | Shopping & Auctions | Business | Business & Economy
https://bospopfestival.nl,1000000,Entertainment
https://www.rubiquiz.com,500000,Shopping | Shopping & Auctions
https://tukangcuci.live,500000,
https://cn.xszav2.com,500000,Pornography | Adult Themes | CIPA Filter | CIPA
https://app.gdtech.com.tw,500000,
https://commercial.otokar.com.tr,1000000,
https://havingartisticta.com,500000,
https://umamusume2026.cocos.jp,500000,
https://everlife-service-info.jp,1000000,
https://alcavie.com,500000,Business | Business & Economy
https://www.handelsondernemingveenstra.nl,1000000,Technology
https://lucky-star.games,1000000,CIPA Filter | CIPA | Gambling | Gaming | Entertainment
https://dash.znicrm.com,1000000,
https://kikislotnaga.com,500000,
https://yy5ykv.com,1000000,
https://ankarabilluriye.com.tr,1000000,Ecommerce | Shopping & Auctions
https://www.thalassopornic.com,1000000,Travel
https://dragonballwiki.net,500000,
https://www.farmacia4estaciones.es,1000000,Ecommerce | Shopping & Auctions | Health & Fitness | Health
https://ufaover168-auto.bet,500000,
https://mahfeltv3.ir,500000,
https://www.cylex.nl,1000000,
https://www.imobiliariaxv.com.br,1000000,
https://funmom.tistory.com,1000000,
https://extapps.solon.gov.gr,1000000,
https://jp.bape.com,500000,
https://japandelivery.co.kr,1000000,
https://125043.samanpl.ir,1000000,
https://sultanvoucher.com,1000000,
https://www.subscribestar.com,500000,Business | Business & Economy | News & Media | Entertainment
https://revistatrip.uol.com.br,500000,News & Media | Entertainment
https://www.f1fanvoice.com,1000000,Gaming | Entertainment
https://assassins-creed-identity-mod.latestmodapks.com,1000000,
https://bratsk.drom.ru,1000000,
https://presssewa.prgi.gov.in,500000,
https://sid.kemendesa.go.id,500000,
https://www.lazzulijoias.com.br,500000,Ecommerce | Shopping & Auctions
https://mobi.cascais.pt,1000000,
https://bigsolo.org,1000000,Pornography | Adult Themes | CIPA Filter | CIPA
https://www.violationpayment.net,1000000,
https://www.ichiroumaru.jp,1000000,
https://oghp.jp,1000000,
https://varaa.risteilykeskus.fi,1000000,
https://promotions.skyvegas.com,500000,
https://app.letsexpress.com.br,1000000,
https://www.sctimst.ac.in,1000000,Educational Institutions | Education | Health & Fitness | Health
https://www.9round.com,1000000,Health & Fitness | Health | Lifestyle | Society & Lifestyle
https://member.trsil.org,500000,Government/Legal | Government & Politics
https://merkandi.es,500000,
https://www.sophoslab.hr,1000000,
https://www.betcompany.net,500000,
https://www.clubamerica.com.mx,500000,Sports | News & Media | Entertainment
https://citadina.com.ar,1000000,Ecommerce | Shopping & Auctions
https://www.up365.live,500000,Login Screens | Miscellaneous
https://reso.ru,500000,Economy & Finance | Business & Economy
https://gamesuperreview.com,1000000,
https://gradmsk.ru,1000000,
https://eco.mdp.edu.ar,500000,
https://schedule.dallascollege.edu,1000000,
https://data.tuik.gov.tr,500000,
https://www.tereva.fr,500000,
http://www.mis.bsu.edu.eg,500000,
https://pepsiluck.com,500000,
https://mkt.viajeguanabara.com.br,1000000,
http://art.mobius.social,500000,Arts | Entertainment | Forums | Internet Communication
https://videystream.my.id,1000000,
https://waterauthority.com.fj,1000000,
https://www.uslcentro.toscana.it,500000,
https://portail.polytech-lille.fr,1000000,
https://up2u.mtn.com.gh,500000,
https://3633bet.y48lb4.com,1000000,
https://www2.pgfn.fazenda.gov.br,500000,"Politics, Advocacy, and Government-Related | Government & Politics"
https://international-pokedex.fandom.com,500000,
https://www.torquepharma.com,1000000,Health & Fitness | Health
https://beingjewelled.com,500000,Ecommerce | Shopping & Auctions | Fashion | Society & Lifestyle
https://www.ccy268.com,1000000,
https://nag4main.space,500000,
https://www.nihongomaster.com,500000,Education
https://uz.meest.cn,1000000,
https://www.keepersport.fr,1000000,
https://www.fairmoove.fr,1000000,
https://docs.metro.fr,1000000,
https://app.absence.io,1000000,
https://km.gov.af,1000000,"Politics, Advocacy, and Government-Related | Government & Politics"
https://parischezsharon.com,1000000,Personal Blogs | Internet Communication
https://think-game.com,500000,CIPA Filter | CIPA | Gaming | Entertainment | Pornography | Adult Themes
https://engelsiz.kanald.com.tr,1000000,
https://www.comboatacadista.com.br,1000000,Business | Business & Economy
https://www.sahler.com.tr,1000000,Ecommerce | Shopping & Auctions
https://0vr4x5dv.com,1000000,
https://m280c.com,500000,CIPA Filter | CIPA | Gambling | Gaming | Entertainment
https://sjks.smartschool.be,1000000,
https://www.dpr.com,1000000,
https://cards.vpbank.com.vn,1000000,
https://dl.attovas.com,1000000,
https://www.baltkam.ru,500000,Vehicles | Shopping | Shopping & Auctions
https://methspin.com,500000,
https://www.edkshop.com,1000000,Ecommerce | Shopping & Auctions
https://www.pinkriches.co.uk,1000000,
https://six6s.org,500000,Gambling | Gaming | Entertainment | CIPA Filter | CIPA
https://www.agrofy.com.br,500000,Business | Business & Economy | Shopping | Shopping & Auctions
https://kannadanewstime.in,1000000,News & Media | Entertainment
https://05ytg9.com,500000,
https://skipass.lessaisies.com,500000,
https://www.roostaa.ir,500000,
https://mclarencareers.mclaren.com,1000000,
https://m.betyap722.com,1000000,
https://www.yetiskinhikayeleri.net,1000000,
https://www.caddys.it,500000,
https://www.generalgames.com.au,1000000,
https://www.useepulari.com.br,500000,
https://pusat-cctv.com,500000,
https://www.ford.fi,1000000,Vehicles
https://swis.swu.ac.kr,1000000,
https://www.doogesound.com,500000,Ecommerce | Shopping & Auctions | Technology
https://online.matyashkurs.ru,1000000,
https://student.centervention.com,1000000,
https://www.mylexia.com,500000,
https://platform.ofit.com.do,1000000,
https://auth.tarupo.jp,500000,
https://www.pigiausiosdalys.lt,500000,Ecommerce | Shopping & Auctions | Vehicles
https://ministrymobilizer.com,1000000,Reference | Education
https://www.london-theater-tickets.com,500000,Entertainment | Shopping | Shopping & Auctions
https://crm.appintesys.co,500000,
https://doctor-ocheretina.ru,1000000,
https://cloud.myhealth.com.sg,500000,
https://validacfc.colfacor.org.ar,500000,
https://informatepersonas.portal-comunicaciones.com,500000,
https://mssboard.com,500000,Forums | Internet Communication | Adult Themes | CIPA Filter | CIPA
https://www.chevrolet.co.kr,500000,Vehicles
https://tango77-daftar4.xyz,1000000,
https://parts.audiusa.com,500000,
https://efco.ua,1000000,Ecommerce | Shopping & Auctions
https://pagnianimports.com.au,1000000,Ecommerce | Shopping & Auctions | Safe for Kids
https://yezomaet.com,500000,CIPA Filter | CIPA
https://pharmaxtra.com,1000000,Health & Fitness | Health
https://www.cordstudio.com,1000000,Ecommerce | Shopping & Auctions
https://www.lorealprofessionnel.com.mx,1000000,Fashion | Society & Lifestyle
https://www.proaudiostar.com,500000,Music | Entertainment | Ecommerce | Shopping & Auctions | Technology
https://www.eliteimports18katacado.com.br,1000000,Ecommerce | Shopping & Auctions
https://zezzo.de,1000000,Ecommerce | Shopping & Auctions
https://juegos-viajar.elperiodico.com,1000000,
https://www.picellileiloes.com.br,500000,Auctions & Marketplaces | Shopping & Auctions
https://www.fortune2go20.com,1000000,Gambling | Gaming | Entertainment | CIPA Filter | CIPA
https://www.loudcup.com,1000000,Ecommerce | Shopping & Auctions
https://eofficeedu.kerala.gov.in,1000000,
https://www.simoniracing.com,1000000,Sports
https://www.txollo.com,1000000,Ecommerce | Shopping & Auctions | Food & Drink | Society & Lifestyle
https://multibrawl.com,1000000,Gaming | Entertainment
https://meinjob.freiepresse.de,1000000,
https://d25zlc7jdpudkm.cloudfront.net,500000,
https://adventure-time-mult.ru,1000000,Movies | Entertainment
https://na.ihg.hkclients.com,500000,
https://crm.apihide.com,1000000,
https://coachmenrv.com,500000,Vehicles
https://arbtalk.co.uk,500000,Forums | Internet Communication
https://georgetown.filmalley.net,1000000,
https://kashaninuts.com,1000000,Ecommerce | Shopping & Auctions | Food & Drink | Society & Lifestyle
https://upi.indianbank.bank.in,1000000,
https://crowd.yandex.ru,500000,
https://www.has-sante.fr,500000,Health & Fitness | Health
https://www.tropawin33.com,500000,Gambling | Gaming | Entertainment | CIPA Filter | CIPA
https://nordicals.dk,1000000,Real Estate
https://www.pensedentrodacaixa.com.br,1000000,Business | Business & Economy | Ecommerce | Shopping & Auctions
https://www.business-school.ed.ac.uk,1000000,Educational Institutions | Education
https://www.deporar.com.ar,500000,Ecommerce | Shopping & Auctions
https://optima.school,1000000,Education | Educational Institutions
https://yoble.com.br,500000,Login Screens | Miscellaneous
https://www.dekopvan.nl,1000000,News & Media | Entertainment
https://records.sos.state.or.us,1000000,
https://www.venturi7777.com,1000000,Gambling | Gaming | Entertainment | CIPA Filter | CIPA
https://www.bearingboys.co.uk,1000000,Ecommerce | Shopping & Auctions
https://i2unet.com,1000000,Sports
https://m.cmpgn.page,1000000,
https://bayi.girdap.com.tr,1000000,
https://empowercollegeprep.instructure.com,500000,Technology
https://ikan189.ink,1000000,
https://acontecebotucatu.com.br,500000,News & Media | Entertainment
https://www.17tbajee.com,1000000,CIPA Filter | CIPA
https://hiratsuka.goguynet.jp,500000,
https://app.splashsports.com,500000,Shopping | Shopping & Auctions
https://www.landesatlantiquesud.com,500000,Travel
https://mmd-cdn.escallo.com.br,1000000,
https://www.clientweb.mybudget.com.au,500000,Economy & Finance | Business & Economy
https://www.hajk.ch,1000000,Ecommerce | Shopping & Auctions
https://ijasca.zuj.edu.jo,500000,
https://innovativetech.solutions,1000000,Personal Finance | Business & Economy
https://regis3.widyadharma.ac.id,1000000,
https://student.nusamandiri.ac.id,1000000,
https://profit.ozon.ru,500000,
https://icefish-tz.shop,1000000,Gaming | Entertainment | Sports
https://onehrci.payrollpro.ph,500000,
https://www.alfistas.es,500000,Forums | Internet Communication
https://kingma-stalling.nl,500000,News & Media | Entertainment
https://portaledealer.hyundaicapitalitaly.com,1000000,
https://www.etrade-miragebrokerage.net,500000,Brokerage & Investing | Business & Economy
https://arion.aviapartner.aero,500000,
https://www.craftpirlanta.com,1000000,Ecommerce | Shopping & Auctions
https://www.vintageboxcompany.com,1000000,Fashion | Society & Lifestyle | Clothing | Ecommerce | Shopping & Auctions
https://www.truffleshuffle.co.uk,500000,Ecommerce | Shopping & Auctions
https://topten10.goodwearmall.com,500000,
https://articlereword.com,500000,Reference | Education | School Cheating | Questionable Content | CIPA Filter | CIPA
https://kensaku.kandai-heya.jp,1000000,
https://www.iare.ac.in,500000,Educational Institutions | Education
https://www.acu.edu.au,500000,Religion & Spirituality | Religion | Educational Institutions | Education
https://a-mediya.ru,1000000,Health & Fitness | Health
https://luna31386.com,500000,Gambling | CIPA Filter | CIPA
https://www.tyresonline.ae,1000000,Ecommerce | Shopping & Auctions | Personal Blogs | Internet Communication | Vehicles
https://fbrolling.online,1000000,
https://gdansk.webcamera.pl,1000000,
https://rodzic.mobireg.pl,1000000,
https://bata4dlego.id,500000,
https://www.zemincim.com,1000000,Business | Business & Economy
https://srisunglaw.com,1000000,Government/Legal | Government & Politics
https://www.jljl55.com.ph,1000000,CIPA Filter | CIPA | Gambling
https://www.margaritari.gr,1000000,Fashion | Society & Lifestyle
http://enbdev.com,500000,Technology
https://www.outandaboutlive.co.uk,1000000,Vehicles | Travel | Entertainment
https://trudiligence.bgsecured.com,1000000,
https://foliagedreams.com,500000,Ecommerce | Shopping & Auctions
https://vl.cat.com,1000000,
https://www.visitraleigh.com,1000000,Travel
https://py.grupostelegram.net,1000000,
https://kouryakunotou.com,1000000,Gaming | Entertainment | Movies
https://osmanlidogaltas.com,500000,Ecommerce | Shopping & Auctions
https://baki888cuanterusbos.xyz,1000000,
https://www.neometal.com,1000000,Business | Business & Economy
https://www.theflowershop.ae,1000000,Ecommerce | Shopping & Auctions | Food & Drink | Society & Lifestyle
https://www.huaylansd.com,500000,
https://www.erasco.de,1000000,Food & Drink | Society & Lifestyle
https://eshop.vilmorin-jardin.fr,1000000,Home & Garden | Society & Lifestyle | Ecommerce | Shopping & Auctions
https://www.reuma.nl,500000,Health & Fitness | Health
https://www.keleven.com,1000000,Educational Institutions | Education | Lifestyle | Society & Lifestyle | Health & Fitness | Health
https://www.storage24.com,500000,Search Engines | Technology
https://www.papershoot.com,1000000,Arts | Entertainment | Photography | Society & Lifestyle | Ecommerce | Shopping & Auctions
https://www.cards-capital.com,1000000,Hobbies & Interests | Society & Lifestyle | Ecommerce | Shopping & Auctions
https://kallas.imobflow.com.br,500000,
https://funbox.zed.com,1000000,
https://www.hancibao.com,1000000,Reference | Education
https://www.hedinautomotive.nl,500000,Vehicles
https://www.institutohispania.com,1000000,Educational Institutions | Education
https://turk.estate,500000,Real Estate
https://desiprime.com,500000,Pornography | Adult Themes | CIPA Filter | CIPA
https://siwajitu.it.com,500000,
https://eu-opensci.org,1000000,Education | Business | Business & Economy
https://a1.8uzq.com,1000000,
https://openloot.com,500000,Technology
https://surya88fosil.monster,1000000,
https://bugati1st.com,500000,
https://www.docgenie.in,500000,Health & Fitness | Health
https://honeydewusa.com,1000000,Ecommerce | Shopping & Auctions
https://kaya.com.ar,500000,Ecommerce | Shopping & Auctions
https://lauto.lt,1000000,
https://panel.hdream.info,1000000,
https://checkout.avast.com,1000000,
https://tiptip.id,500000,Entertainment
https://kreis-dueren.saas.smartcjm.com,1000000,
https://sso.solfacil.com.br,500000,
https://www.curlymyself.com,500000,Ecommerce | Shopping & Auctions
https://cottonhandicrafts.com,1000000,Clothing | Society & Lifestyle | Ecommerce | Shopping & Auctions | Fashion
https://4filmy.com,500000,
https://rencontresendirect.com,500000,Dating & Relationships | Society & Lifestyle
https://ffesp.org,500000,"Politics, Advocacy, and Government-Related | Government & Politics | Parenting | Society & Lifestyle | Government/Legal"
https://www.lapdonline.org,500000,"Business | Business & Economy | Politics, Advocacy, and Government-Related | Government & Politics"
https://webmodel.cam,500000,Pornography | Adult Themes | CIPA Filter | CIPA
https://www.trai.gov.in,500000,"Politics, Advocacy, and Government-Related | Government & Politics"
https://brandregistry.amazon.com,500000,
https://hipp.com.tr,1000000,Food & Drink | Society & Lifestyle
https://www.unipolforum.it,1000000,Entertainment
https://www.1620usa.com,500000,Ecommerce | Shopping & Auctions | Clothing | Society & Lifestyle
https://fluminense.bepass.com.br,500000,
https://6wangi787.live,1000000,
https://www.urbogym.pl,500000,Ecommerce | Shopping & Auctions
https://shop.nitamuse.net,1000000,
https://app.cloudpano.com,1000000,
https://www.pref.tottori.lg.jp,500000,Education | Reference
https://hamxworld.life,500000,Pornography | Adult Themes | Nudity | CIPA Filter | CIPA
https://www.teestyle.jp,1000000,Travel
https://pornhub.indobokepin.com,500000,
https://cheatsheetseries.owasp.org,1000000,
https://mudinhopremios.com.br,500000,Shopping | Shopping & Auctions
https://keeptalkinggame.com,1000000,Gaming | Entertainment | Technology
https://www.hippowaste.co.uk,1000000,Business | Business & Economy
https://member.playgame.club,500000,
https://wannabee.hu,500000,Ecommerce | Shopping & Auctions | Clothing | Society & Lifestyle
https://www.manba-ski.jp,1000000,Lifestyle | Society & Lifestyle
https://www.mojposao.ba,500000,Job Search & Careers
https://weareher.com,1000000,Dating & Relationships | Society & Lifestyle
https://www.rondomusic.com,1000000,Music | Entertainment
https://serienjunkies.org,500000,Questionable Activities | Questionable Content | Video Streaming | Entertainment | CIPA Filter | CIPA
https://003ms.ru,1000000,Health & Fitness | Health
https://dqjfya.ue6tkj9x.com,500000,
https://www.audencia.com,1000000,Education
https://www.pallaalcentro.org,500000,Sports | Entertainment
https://artstreet.in,1000000,Arts | Entertainment | Ecommerce | Shopping & Auctions
https://78900116.vip,500000,
https://www.wordchampionanswers.com,500000,Hobbies & Interests | Society & Lifestyle
https://wood-online.dk,1000000,Ecommerce | Shopping & Auctions
https://dochki.net,1000000,CIPA Filter | CIPA | Pornography | Adult Themes
https://10modal777.net,1000000,
https://aprendomusica.com,500000,Music | Entertainment | Audio Streaming
https://devenir-aviateur.gouv.fr,500000,
https://m.pkwin.win,1000000,Gambling | Gaming | Entertainment | CIPA Filter | CIPA
https://stealthadditive.com,1000000,Business | Business & Economy
https://vietnamhub.vn,500000,Business | Business & Economy
https://poczta.student.put.poznan.pl,500000,
https://m.hi565.com,1000000,
https://the-universe-of-the-universe.fandom.com,500000,
https://bello.vn,1000000,Ecommerce | Shopping & Auctions
https://sterling-ink.com,500000,Ecommerce | Shopping & Auctions | Fashion | Society & Lifestyle | Clothing
https://www.puzzle-slant.com,1000000,Hobbies & Interests | Society & Lifestyle
https://www.nso.gov.vn,500000,"Politics, Advocacy, and Government-Related | Government & Politics | Economy & Finance | Business & Economy"
https://www.kagaiboushi.metro.tokyo.lg.jp,1000000,"Politics, Advocacy, and Government-Related | Government & Politics"
https://fullahead-tradingcard.com,500000,Business | Business & Economy
https://exam.52school.com,1000000,
https://temark.timedoctor.com,500000,
https://authorize.affinitycu.ca,500000,
https://m.kingmega.org,500000,
https://empresa.ec.computrabajo.com,500000,
https://sis-eportal.hku.hk,1000000,
https://kalam.umi.ac.id,1000000,
https://www.cyber-u.ac.jp,500000,Educational Institutions | Education
https://didi.tienda,500000,Ecommerce | Shopping & Auctions | Food & Drink | Society & Lifestyle
https://dns-shop.kg,500000,Technology | Ecommerce | Shopping & Auctions | Home & Garden | Society & Lifestyle
https://ducktales.fandom.com,500000,
https://www.apollo-kinocenter.de,1000000,Entertainment
https://sei.unils.edu.br,1000000,
https://f8betcskh.info,500000,
https://www.rea-int.com,1000000,Professional Networking | Society & Lifestyle
https://interviews.hubert.ai,1000000,
https://step-lab.ru,1000000,Technology
https://www.allaboutdogfood.co.uk,500000,Pets | Society & Lifestyle
https://choothub.com,500000,Pornography | Adult Themes | CIPA Filter | CIPA
https://www.garvee.es,1000000,Ecommerce | Shopping & Auctions | Safe for Kids
https://surveys.swift-research.co.uk,1000000,
https://www.mediclinic.ru,1000000,Health & Fitness | Health
https://yokohama-air-cabin.jp,1000000,
https://ublockorigin.com,500000,Shareware/Freeware | Technology
https://my.tdf.org,500000,
https://extrajudicial.tjsp.jus.br,1000000,
https://track.forwardlendingmtg.com,1000000,
https://ufa99hh.com,1000000,Gambling | CIPA Filter | CIPA
https://easymob.metadados.com.br,1000000,
https://www.samsonite.pl,500000,Business | Business & Economy
https://www.ladylola.gr,1000000,Clothing | Society & Lifestyle | Ecommerce | Shopping & Auctions
https://pix-media.com,500000,Business | Business & Economy
https://param.com.tr,1000000,Personal Finance | Business & Economy
https://www.fattycalcados.com.br,1000000,Clothing | Society & Lifestyle
https://www.cnnsales.com,1000000,Business | Business & Economy
https://czarne.com.pl,500000,Travel
https://visitkinosaki.com,1000000,
https://dhunfashionjaipur.com,500000,Clothing | Society & Lifestyle | Ecommerce | Shopping & Auctions | Fashion
https://www.geosdesign.mx,1000000,Ecommerce | Shopping & Auctions
https://www.organojudicial.gob.pa,500000,"Politics, Advocacy, and Government-Related | Government & Politics"
https://www.marialady.com,500000,Clothing | Society & Lifestyle | Ecommerce | Shopping & Auctions
https://www.ravakdepo.hu,1000000,Ecommerce | Shopping & Auctions
https://www.hstotoalter.com,1000000,Ecommerce | Shopping & Auctions | Fashion | Society & Lifestyle
https://xalasqa.az,500000,
https://ekinerja.bangkabaratkab.go.id,500000,
https://matysek.pl,500000,Vehicles
https://lacosmetique.com.au,1000000,Fashion | Society & Lifestyle | Ecommerce | Shopping & Auctions
https://ailegenclikfonu.aile.gov.tr,500000,
https://www.ace.com,500000,Shopping | Shopping & Auctions
https://www.kontur-extern.ru,500000,Technology
http://hkcdn1.site,1000000,Forums | Internet Communication
https://www.ciz.nl,1000000,Business | Business & Economy
https://miportal.indisa.cl,500000,
https://lemank.tebingtinggikota.go.id,500000,
https://mapmygenome.in,1000000,Business | Business & Economy
https://lk.velesmoda.by,1000000,
https://ringtones.mob.org.ua,500000,
https://www.kintu.org,1000000,Business | Business & Economy
https://edese.com.ar,500000,"Politics, Advocacy, and Government-Related | Government & Politics | Business | Business & Economy"
https://fantasia-kittcat.itch.io,500000,Education | CIPA Filter | CIPA | Adult Themes | Cartoons & Anime | Entertainment
https://m.789bet2.com,500000,
https://aiimsopdappointment.com,1000000,Health & Fitness | Health
https://prosemena.ru,1000000,Ecommerce | Shopping & Auctions
https://www.bintheredumpthat.com,1000000,Business | Business & Economy
https://www.aheinz57.com,1000000,Pets | Society & Lifestyle
https://gaybuddy.nl,1000000,Lifestyle | Society & Lifestyle | Dating & Relationships
https://web101.rsv.ws-scs.jp,1000000,
https://escanos.org,1000000,"Politics, Advocacy, and Government-Related | Government & Politics"
https://bizwms.in,500000,Business | Business & Economy | Technology
https://maisondesfragrances.fr,1000000,Fashion | Society & Lifestyle
https://www.cuteboytube.com,500000,Pornography | Adult Themes | CIPA Filter | CIPA
https://www.piazzaitalia.it,500000,Food & Drink | Society & Lifestyle | Ecommerce | Shopping & Auctions
https://apollocover.com,1000000,Ecommerce | Shopping & Auctions | Economy & Finance | Business & Economy
https://www.atelierdesauteurs.com,1000000,Forums | Internet Communication
https://thorvalddesign.com,1000000,
https://enmob.ifuqyou.com,500000,Pornography | Adult Themes | CIPA Filter | CIPA
https://3fh930.com,500000,
https://service.889amhotgp.com,1000000,
https://www.dunkerquekursaal.com,1000000,Entertainment
https://idn00146.tigoals222.com,500000,
https://portalaet.goinfra.go.gov.br,1000000,
https://www.chicparfait.fr,500000,Clothing | Society & Lifestyle | Ecommerce | Shopping & Auctions
https://apipharm.pl,1000000,Ecommerce | Shopping & Auctions
https://royalsolutionsgroup.com,500000,Business | Business & Economy
https://insideusc.blog,1000000,Personal Blogs | Internet Communication | Sports
https://hokirajaking.xyz,500000,
https://bmpay.banquemisr.com,1000000,
https://ircity.ru,500000,News & Media | Entertainment
https://eproenter.cafe24.com,1000000,
https://sw131.tsho.jp,500000,
https://vdart.spinenxhr.in,1000000,
https://www.dosenbach.ch,500000,Clothing | Society & Lifestyle | Ecommerce | Shopping & Auctions | Sports
https://u.embodyvr.io,1000000,
https://ww2.dizztips.com,500000,
https://neticeler.az,1000000,
https://lms3.buimvd.ru,1000000,
https://www.srm-cs.ma,1000000,Personal Finance | Business & Economy
https://kitsdls.blogspot.com,1000000,
https://enlinea.credifamilia.com,1000000,
https://fichepizza.com.ua,500000,Ecommerce | Shopping & Auctions
https://efile.aatrix.com,500000,
https://loveiss.com,500000,News & Media | Entertainment
https://www.posetefagaras.ro,500000,Ecommerce | Shopping & Auctions
https://tgsrtc.tgsrtcbus.in,1000000,
https://eloncehn.com,1000000,News & Media | Entertainment | Video Streaming
https://www.onceuponatee.net,500000,Ecommerce | Shopping & Auctions | Clothing | Society & Lifestyle | Fashion
https://mex.mk,500000,Login Screens | Miscellaneous
https://e-likari.com.ua,1000000,Business | Business & Economy
https://www.erotycznyflirt.com,500000,Dating & Relationships | Society & Lifestyle
https://tau.pieno-tyrimai.lt,500000,
https://9ceng.dewitinggi.com,500000,
https://google.c333c44.com,500000,
https://zahraa.mr,500000,News & Media | Entertainment
https://www.sg-flensburg-handewitt.de,1000000,Sports
https://www.falesia.it,1000000,Sports
https://m7d2325053101.mxhoyes.com,1000000,
https://floridasonlineauctions.com,500000,Auctions & Marketplaces | Shopping & Auctions | Hobbies & Interests | Society & Lifestyle
https://shop.ekaza.com.br,500000,
https://ankara.tsf.org.tr,500000,
https://divapeshop5.com,1000000,
https://np.pl.ua,500000,News & Media | Entertainment
https://eurekapet.co,1000000,Ecommerce | Shopping & Auctions
https://www.sparktrendz.com,1000000,Clothing | Society & Lifestyle | Ecommerce | Shopping & Auctions
https://mylife.blog,500000,
https://www.ohjoysextoy.com,500000,Adult Themes | CIPA Filter | CIPA | Comic Books | Entertainment
https://trustmedlabs.com,1000000,Health & Fitness | Health
https://promptsref.com,1000000,Arts | Entertainment | Hobbies & Interests | Society & Lifestyle
https://gear.wawa.com,500000,
https://reservations.freedomboatclub.com,1000000,
https://oudworld.ae,1000000,Ecommerce | Shopping & Auctions | Fashion | Society & Lifestyle
https://betaelvis.com,500000,Technology
https://claires.gr,1000000,Ecommerce | Shopping & Auctions | Fashion | Society & Lifestyle
https://www.reliancemumbaimetro.com,1000000,Travel
https://tlytllsixteen.qzwap.site,1000000,
https://www.deal4loans.com,1000000,Personal Finance | Business & Economy
https://rau.am,1000000,Government/Legal | Government & Politics
https://www.yellohvillage.nl,500000,Travel
https://www.motomachi-hs.jp,1000000,Education
https://www.rincondelsegura.es,1000000,Food & Drink | Society & Lifestyle
https://www.shopglobal.com,1000000,Ecommerce | Shopping & Auctions | Fashion | Society & Lifestyle
https://obihirocity.overdrive.com,500000,
https://www.teenpatt.com,1000000,
https://erabydjzinhle.com,500000,Ecommerce | Shopping & Auctions
https://zoemedia.com.tr,1000000,
https://latviasothebysrealty.com,1000000,Real Estate
https://www.edimark.fr,1000000,Education | Ecommerce | Shopping & Auctions | Health & Fitness | Health
https://newccss.adcb.com,1000000,
https://myaccount.superbid.com,500000,
https://portalzdajacego.epkz.cke.edu.pl,500000,
https://yomanbet66.com,500000,
https://toyowild.space,1000000,
https://kartz.pl,1000000,Ecommerce | Shopping & Auctions | Hobbies & Interests | Society & Lifestyle
https://www.snapav.com,500000,Technology
https://login.folha.com.br,500000,
https://uncovercreations.com,500000,Ecommerce | Shopping & Auctions | Pornography | Adult Themes | CIPA Filter | CIPA
https://allencareerinstitute2.lightning.force.com,1000000,
https://lightsinthecity.be,500000,Movies | Entertainment
https://iiui.edu.pk,1000000,Educational Institutions | Education
https://faq.dcplan.co.jp,1000000,
https://mpback1.com,500000,
https://www.storexppen.fr,1000000,Ecommerce | Shopping & Auctions
https://www.ziella.co,500000,Ecommerce | Shopping & Auctions | Fashion | Society & Lifestyle
http://mail.isappha.com,1000000,
https://www.thefirestation.org.uk,500000,Entertainment
https://www.informescomerciales.com.ar,1000000,
https://lumina-stars.com,500000,
https://metr.org,1000000,"Politics, Advocacy, and Government-Related | Government & Politics | Technology"
https://account.nlziet.nl,1000000,
https://restaurant-yamaya.com,1000000,Food & Drink | Society & Lifestyle
https://xn----7sbf0agfse5bzczc5au.xn--p1ai,1000000,Ecommerce | Shopping & Auctions
https://help.paysend.com,1000000,
https://login.eset.com,500000,
https://think2.eu,500000,Clothing | Society & Lifestyle | Ecommerce | Shopping & Auctions | Fashion
https://www.r-cobain.com,1000000,Business | Business & Economy
https://www.kliknieuwsoss.nl,500000,News & Media | Entertainment
https://www.paidsurveyupdate.com,500000,File Sharing | Technology | Personal Blogs | Internet Communication | Shopping | Shopping & Auctions
https://apo24.at,500000,Search Engines | Technology
http://agent.ichamet.com,500000,
https://faktakalbar.id,1000000,News & Media | Entertainment
https://coursys.sfu.ca,500000,
https://unemployment.oregon.gov,1000000,
https://replay-ec.com,1000000,Ecommerce | Shopping & Auctions
https://www.ardent-peche.com,500000,Sports | Ecommerce | Shopping & Auctions
https://f1-start.jakearchibald.com,1000000,
https://member.id.rakuten.co.jp,500000,
https://aula.pamer.edu.pe,500000,
https://shaadbin.ir,1000000,Search Engines | Technology
http://amoozesh.icqt.ac.ir,500000,
https://www.joho-gakushu.jp,1000000,Content Servers | Technology
https://sidekem.pemalangkab.go.id,1000000,
https://sinotux.com,500000,Technology
https://www.desitashan.org,500000,Video Streaming | Entertainment | CIPA Filter | CIPA | Questionable Activities | Questionable Content | Television
https://ismageriet.dk,1000000,Food & Drink | Society & Lifestyle
https://k-kampo.com,500000,Health & Fitness | Health
https://www.xxxbomb.com,500000,Pornography | Adult Themes | CIPA Filter | CIPA
https://masteranime.tv,1000000,Cartoons & Anime | Entertainment | Questionable Activities | Questionable Content | Video Streaming
https://www.girlfriendsfilmsvod.com,1000000,Pornography | Adult Themes | CIPA Filter | CIPA
https://www.worldlotto.land,1000000,
https://ekusports.com,1000000,Sports
https://www.francocube.com,1000000,Login Screens | Miscellaneous
https://development.ohio.gov,500000,
https://blyth.geniussis.com,1000000,
https://888pg20.com,1000000,CIPA Filter | CIPA | Gambling
https://inelinc.com,1000000,Technology
https://www.mpo-pelangi.ink,1000000,
https://www.airrifleshop.co.uk,500000,Weapons | Military & Weapons | Pets | Society & Lifestyle | Ecommerce | Shopping & Auctions | CIPA Filter | CIPA
https://app.dealum.com,1000000,
https://www.delcambe.com,1000000,Ecommerce | Shopping & Auctions | Fashion | Society & Lifestyle
https://sadarem.ap.gov.in,500000,
https://naometoque.rs.gov.br,1000000,"Politics, Advocacy, and Government-Related | Government & Politics"
https://www3.seriesmetro.net,500000,Questionable Activities | Questionable Content | Video Streaming | Entertainment | CIPA Filter | CIPA | Movies
https://www.spoticar.es,500000,Vehicles
https://volby.sme.sk,1000000,
https://dressjet.in,1000000,Clothing | Society & Lifestyle | Ecommerce | Shopping & Auctions | Fashion
https://www.mirimama.com,500000,
https://wanwuu.com,500000,CIPA Filter | CIPA | Pornography | Adult Themes
https://www.melodymaison.co.uk,500000,Business | Business & Economy
https://chat.chateg.club,500000,
https://stackedstore.com,1000000,Fashion | Society & Lifestyle | Ecommerce | Shopping & Auctions
https://www.silviax.com,1000000,Ecommerce | Shopping & Auctions | Fashion | Society & Lifestyle
https://www.brightestgames.com,1000000,Gaming | Entertainment
https://maryengelbreit.com,1000000,Ecommerce | Shopping & Auctions | Arts | Entertainment | Arts & Crafts | Society & Lifestyle
https://www.irishleaguesupporters.com,1000000,Sports
https://www.ugcardshop.com.br,500000,Religion & Spirituality | Religion
https://genshinaccount.com,500000,Ecommerce | Shopping & Auctions
https://www.lrvalstybe.lt,500000,"Politics, Advocacy, and Government-Related | Government & Politics"
https://sclouddownloader.net,500000,Information Technology | Technology | Audio Streaming | Entertainment
https://dba.com.au,1000000,Sports
https://southhemitv.com,500000,Magazines | Entertainment | Television | Personal Blogs | Internet Communication
https://szukaj.onet.pl,500000,
https://bolui-bociak.pages.dev,1000000,
https://www.ppvip04.com,1000000,
https://tmpay747.azurewebsites.net,500000,
https://www.purelykaylie.com,1000000,Food & Drink | Society & Lifestyle
https://thepokies33.com,1000000,Gambling | Gaming | Entertainment | CIPA Filter | CIPA
https://sei-adm.tjce.jus.br,500000,
https://hts.tournamentsoftware.com,500000,
https://lp.info-mymilfs.com,500000,Dating & Relationships | Society & Lifestyle | CIPA Filter | CIPA | Adult Themes
https://uasemena.com.ua,1000000,Ecommerce | Shopping & Auctions | Food & Drink | Society & Lifestyle
https://www.namidensetsu.com,500000,Reference | Education
https://23068263547.lakakids.com,500000,
https://maivalosag.com,1000000,News & Media | Entertainment
https://www.jerkyholic.com,1000000,Food & Drink | Society & Lifestyle | Personal Blogs | Internet Communication
https://www.valperejacques.edu.lb,1000000,Educational Institutions | Education
https://local.targetoptical.com,1000000,
https://www.justice.govt.nz,500000,Government/Legal | Government & Politics
https://wandererstravelco.com,1000000,Ecommerce | Shopping & Auctions | Clothing | Society & Lifestyle | Fashion
https://princesscollection-siga.com,1000000,Adult Themes | CIPA Filter | CIPA
https://orlybeauty.com,500000,Fashion | Society & Lifestyle | Ecommerce | Shopping & Auctions
https://nat-casino.com,1000000,Gambling | CIPA Filter | CIPA
https://nakita.grid.id,1000000,
https://www.nationalnumbers.co.uk,1000000,Business | Business & Economy
https://technics.by,1000000,Ecommerce | Shopping & Auctions | Technology
https://www.lc-chatmodels.dmm.co.jp,1000000,Pornography | Adult Themes | CIPA Filter | CIPA
https://webmail.education.gov.ng,500000,
https://sumpersko.net,500000,News & Media | Entertainment
https://it-is-boba.b-cdn.net,500000,
https://extranet-sso.toolstation.com,500000,
https://tv.sangegang.pro,500000,
https://unitmotor.com,1000000,Ecommerce | Shopping & Auctions
https://www.lilliputiens.com,1000000,Ecommerce | Shopping & Auctions | Safe for Kids
https://orenburg.kassy.ru,1000000,
https://moheeb.sa,1000000,Ecommerce | Shopping & Auctions | Food & Drink | Society & Lifestyle
https://icampus.ueab.ac.ke,500000,
https://parasmaternityandgeneralhospital.in,1000000,News & Media | Entertainment
https://s.gudanglagu321.cc,1000000,Audio Streaming | Entertainment | Questionable Activities | Questionable Content | CIPA Filter | CIPA
https://ticket.ztefc.hu,1000000,
https://patientlink.health.arizona.edu,1000000,
https://chevrakadisha.org.br,1000000,Charity and Non-profit | Government & Politics
https://servizi.allianzbank.it,500000,
https://stormcenter.oncor.com,1000000,
https://qualita.qualitacq.com.br,500000,
https://www.cumberland.co.uk,1000000,Economy & Finance | Business & Economy | Personal Finance
https://axtron.io,1000000,Technology
https://pebblora.com,1000000,
https://start.praktika.ai,500000,
https://newpraguems.beanstack.org,500000,
https://baker-saintouen.webcollege.seinesaintdenis.fr,1000000,
https://pingjia.taobao.com,500000,
https://www.toledo.pr.gov.br,500000,
https://fncv.natacion.app,1000000,
https://inscripciones.utdt.edu,1000000,
https://v1win-auto.com,1000000,
https://app.eigaland.com,500000,
https://clientes.sered.net,1000000,
https://hcm12preview.sapsf.eu,1000000,
https://sql.sh,1000000,Education | Technology
https://www.z89m1.com,500000,
https://h3owellness.mediyeti.com,500000,
https://www.powerspelling.com,500000,Education
https://support.nzxt.com,500000,
https://jantan69rtpslot.shop,1000000,
https://litmind.es,500000,Fashion | Society & Lifestyle
https://ticaret.mrooms.net,1000000,
https://games.747-1.live,500000,
https://www.dealercars.at,1000000,Vehicles
https://www.coradiniimoveis.com.br,1000000,
https://www.ski49n.com,1000000,Lifestyle | Society & Lifestyle | Travel | Sports
https://epeios.jp,1000000,Technology
https://software-dl.ti.com,1000000,
https://www.telegai.com,500000,
https://8x2255.com,500000,
https://egyp.it,1000000,Gaming | Entertainment | Ecommerce | Shopping & Auctions
https://forum.valium.pl,500000,
https://www.kimoitv.com,500000,Video Streaming | Entertainment | CIPA Filter | CIPA | Questionable Activities | Questionable Content | Television
https://manuelasoler.com,500000,Clothing | Society & Lifestyle | Ecommerce | Shopping & Auctions
https://www.badmin.pl,1000000,
https://tplus.market,500000,
https://de.uptodown.com,500000,
https://consultoria.southcentralus.cloudapp.azure.com,1000000,
https://www.v55v88.com,1000000,
https://lecoqsportif.com.co,500000,
https://www.qcc.com.au,1000000,Ecommerce | Shopping & Auctions | Home & Garden | Society & Lifestyle
https://partai83021.com,500000,
https://pianoamulet.com,1000000,Fashion | Society & Lifestyle
https://shm.ru,500000,Arts | Entertainment | Educational Institutions | Education
https://noorly.in,500000,Ecommerce | Shopping & Auctions
https://www.ching-win.com.tw,1000000,
https://www.best1cruise.com,500000,Travel
https://d1bzc23gjdr1cm.cloudfront.net,500000,
https://www.nhw.de,500000,Business | Business & Economy
https://pwdm.bentley.com,1000000,
https://www.wtrl.racing,500000,Sports
https://www.date-convert.net,1000000,Reference | Education
https://baazar.ir,1000000,
https://www.golf-shop.jp,500000,Sports | Ecommerce | Shopping & Auctions
https://portal.tk-kit.net,500000,
https://tools.pharmafoods.co.jp,1000000,
https://software.informer.com,500000,Technology
https://m.51wma.com,500000,
https://app.digi1.lt,500000,
https://thequirkynaari.com,1000000,Clothing | Society & Lifestyle | Ecommerce | Shopping & Auctions | Fashion
https://www.babelway.net,500000,
https://gurudascollege.edu.in,1000000,
https://adamell.pl,1000000,Ecommerce | Shopping & Auctions
https://portal.cfahome.com,500000,Information Security | Internet Communication
https://www.gyanvihar.org,1000000,Educational Institutions | Education
https://www.qoves.com,1000000,Business | Business & Economy | Entertainment | Fashion | Society & Lifestyle
https://informeurgente.com.ar,1000000,
https://www.kk33game.com,1000000,Gaming | Entertainment
https://transparencia.guanajuato.gob.mx,1000000,
https://www.decoandyou.com,500000,Ecommerce | Shopping & Auctions | Business | Business & Economy
https://aztoyhobby.com,1000000,
https://dtjm6.com,500000,
https://9gyyl6f.com,1000000,
https://beta.vensoft.de,1000000,
https://catalog.digitalarchives.tw,1000000,
https://tgswappingcaps.blogspot.com,1000000,
https://www.msi.cn,1000000,
https://act.forwardblue.co,500000,"Politics, Advocacy, and Government-Related | Government & Politics"
https://myhumberhealth.ca,1000000,
https://www.subbuteoworld.co.uk,1000000,
https://slaythespire.wiki.gg,1000000,
https://www.huddinge.se,500000,"Politics, Advocacy, and Government-Related | Government & Politics"
https://www.everwilde.com,500000,
https://tezkredit.az,1000000,
https://tubemate.en.divxland.org,1000000,
https://inattv1257.xyz,1000000,
https://sakaiteppocho-aeonmall.com,500000,Business | Business & Economy
https://searcherone.com,500000,Search Engines | Technology
https://lemorgan.co.za,1000000,
https://62supertotobet.com,1000000,
https://nlxh.com.vn,1000000,
https://www.navahang.com,500000,
https://www.ae.com.co,500000,
https://shutsugan.pref.kanagawa.jp,500000,
https://www.valamarcamping.com,500000,
https://hallonaga303.club,1000000,
https://ipoteka.az,1000000,Auctions & Marketplaces | Shopping & Auctions
https://daymai.vn,500000,
https://cropware.co.uk,500000,
https://xdemvy.com,1000000,
https://katagrma-grow.jp,500000,
https://supersleeperpro.com.au,1000000,Ecommerce | Shopping & Auctions | Business | Business & Economy
https://www.loverugbyleague.com,500000,Sports | News & Media | Entertainment
https://gruenderplattform.de,500000,Content Servers | Technology
https://gewinnspiel.mein-ferrero.de,500000,
https://www.sabkhojo.in,500000,Job Search & Careers | Personal Blogs | Internet Communication
https://lamiva.de,1000000,Ecommerce | Shopping & Auctions | Fashion | Society & Lifestyle
https://www.mypouf.gr,1000000,
https://www.salmomarket.ru,1000000,
https://wanbo.cn,1000000,Technology
https://select.schoolspecialty.com,1000000,
https://fsm.fptproducts.vn,1000000,
https://c.pathe.nl,1000000,
https://www.shipin.li,1000000,
https://www.majun-okinawa.jp,1000000,Ecommerce | Shopping & Auctions | Clothing | Society & Lifestyle
https://college.jucc.in,1000000,
https://oscar.nl,500000,
https://pintobook.com,1000000,
https://www.liantis.be,500000,Economy & Finance | Business & Economy
https://gavenlovesanimals-animal-kindom.fandom.com,1000000,
https://www.timeavenue.ru,500000,Fashion | Society & Lifestyle | Ecommerce | Shopping & Auctions
https://54bet.win,1000000,
https://maxuspolska.pl,1000000,
https://studysmoke.online,500000,
https://www.westelm.com.au,1000000,
https://eventospr.com,1000000,
https://m.michaelkors.co.kr,1000000,
https://www.comune.pescara.it,1000000,
https://www.spin-fx.com,500000,
https://beestia.com,500000,
https://chatbotai.co,500000,
https://email.freenet.de,500000,
http://www.televideo.rai.it,1000000,Video Streaming | Entertainment | News & Media
https://www.maxwin89x5.com,500000,
https://buccheri.com,1000000,
https://mediamaraton.granada.org,500000,
https://mehromahshop.com,1000000,
https://iwrs.lilly.com,500000,
https://skechers.fi,500000,Ecommerce | Shopping & Auctions
https://www.top777.pro,500000,
https://thehardtackle.com,500000,
https://gzingkala.com,500000,
https://sipednfpe.jne.gob.pe,500000,
https://sisilapaillette.fr,1000000,
https://www.totalconvert.ro,500000,
https://www.reteambiente.it,1000000,
https://www.uowm.gr,1000000,
https://app.zipmend.com,500000,
https://etias.com,500000,
https://siamoore.com,1000000,
https://www.foroebros700.com,1000000,
https://www.hotel-freigold.at,1000000,
https://ohstudy.net,1000000,
https://map.yellowfox.de,500000,Login Screens | Miscellaneous
https://www.northernfootballleague.org,500000,
https://lms.ashrafi.ac.ir,500000,
https://site-gameplayer.dmm.com,1000000,
https://admin.commmerce.com,1000000,
https://goldencoupons.info,1000000,
https://www.tjk.gr.jp,500000,
https://www.roommates.com,500000,
https://audiobyoptimum.com,500000,
https://www.apostaonline.bet.br,500000,Gambling | CIPA Filter | CIPA
https://www.tripley.co.il,500000,Technology
https://poluchiru.xyz,1000000,
https://jsuniformes.com.br,1000000,
https://betsin233.com,1000000,
https://www.ecomatelas.fr,1000000,
https://www.lisapastacilik.com,500000,
https://ladkibahinayojana.com,500000,
https://vindecoder.eu,1000000,
https://teatrnn.pl,1000000,
https://lstsbp.mobi-money.ru,1000000,
https://nbts11518.kipuworks.com,500000,
https://cloud.sakulaundry.com,500000,
https://www.m66.life,1000000,
https://celebsanom.com,1000000,
https://englishjobs.de,500000,
https://www.itbazar.com,500000,
https://www.gecu.com,500000,
https://www.ar.eucerin-me.com,1000000,Fashion | Society & Lifestyle | Health & Fitness | Health
https://www.happyhomesindustries.com,500000,
https://sapulada.brebeskab.go.id,1000000,
https://jestemzgdanska.pl,500000,
https://allfastseba.com,500000,Login Screens | Miscellaneous
https://signatureclinic.co.uk,1000000,Fashion | Society & Lifestyle | Health & Fitness | Health
https://mufasatotomaju.com,1000000,
https://comms.apteka-aprel.ru,500000,
https://fusdaz.apscc.org,500000,
https://snappysouq.shop,1000000,Ecommerce | Shopping & Auctions | Fashion | Society & Lifestyle
https://k.150bar.ru,1000000,
https://saresp.fde.sp.gov.br,500000,
https://jackpocket.com,500000,CIPA Filter | CIPA | Gambling | Shareware/Freeware | Technology
https://markuphero.com,1000000,Information Technology | Technology
https://soamazing.com,1000000,
https://www.sparkshop.com,500000,Ecommerce | Shopping & Auctions | Fashion | Society & Lifestyle | Clothing
https://fashionkingbd.com,1000000,Shopping | Shopping & Auctions | Clothing | Society & Lifestyle
https://member.ufax188s.bet,500000,
https://imenupro.com,1000000,Business | Business & Economy | Food & Drink | Society & Lifestyle
https://www.icajobguarantee.com,500000,Technology | Job Search & Careers | Educational Institutions | Education
https://lakesideusd.asp.aeries.net,1000000,
https://www.karupsgalleries.com,1000000,Pornography | Adult Themes | CIPA Filter | CIPA
https://giacademy.schoology.com,500000,Technology
https://clientlogin.conseroglobal.com,500000,
https://gamecax.com,500000,CIPA Filter | CIPA | Gaming | Entertainment | Pornography | Adult Themes
https://traderbucks.tradetrackpos.com,1000000,
http://panel.seguimeteo.com,500000,
https://www.33aa5gbet.com,500000,Gambling | CIPA Filter | CIPA
https://primaltv.fandom.com,500000,
https://www.tabnak.ir,1000,
https://pintar.bi.go.id,1000,
https://video.varzesh3.com,10000,Sports | News & Media | Entertainment | Video Streaming
https://home.xxxpostpic.org,10000,
https://chishi.ir,10000,Fashion | Society & Lifestyle | Personal Blogs | Internet Communication
https://a018.sengokuixa.jp,5000,
https://jp.daisonet.com,5000,
https://vip.oiytrexz.hair,5000,
https://lms.manappuram.com,10000,
https://pcarejkn.bpjs-kesehatan.go.id,10000,
https://assignments.google.com,10000,Education | Technology
https://npfapplication.psc.gov.ng,10000,
https://pdalife.to,10000,
https://www.vigicrues.gouv.fr,10000,"Politics, Advocacy, and Government-Related | Government & Politics | News & Media | Entertainment"
https://kundelik.kz,5000,Education
https://s.shopee.co.th,10000,Content Servers | Technology
https://www.cambridgeone.org,10000,Education
https://viralterbaru.site,10000,News & Media | Entertainment
https://agwl2.suksesbogil.com,10000,
https://www.watch-movies.com.pk,10000,
https://pastpapers.papacambridge.com,10000,
https://kobieta.wp.pl,5000,
https://extra.globo.com,10000,News & Media | Entertainment
https://paryajlakay.com,5000,
https://cricbet99.green,10000,Gambling | CIPA Filter | CIPA
https://es.pinterest.com,5000,
https://isinolsun.com,10000,Job Search & Careers
https://m.citycenteronline.bet.ar,10000,
https://sellercentral.amazon.de,10000,Business | Business & Economy
https://www.ig.com,10000,Economy & Finance | Business & Economy
https://www.theiconic.com.au,50000,
https://www.puentedemando.com,50000,News & Media | Entertainment
https://www.autokarma.ro,50000,Vehicles | Ecommerce | Shopping & Auctions
https://brainly.ph,50000,Reference | Education
https://mailamericas.com,100000,Business | Business & Economy
https://mikatoto.org,100000,Gambling | CIPA Filter | CIPA
https://bos898join.com,100000,
https://www.fotoscaserasx.com,50000,Pornography | Adult Themes | CIPA Filter | CIPA
https://www.etihad.com,50000,
https://usfca.instructure.com,100000,
https://joni83174.com,50000,
https://www.westfalen-blatt.de,50000,
https://www.zooshopxxl.cz,500000,Ecommerce | Shopping & Auctions | Pets | Society & Lifestyle
https://www.msf.ru,1000000,
https://www.dge.mec.pt,500000,"Education | Politics, Advocacy, and Government-Related | Government & Politics"
https://www.dallascollege.edu,500000,Educational Institutions | Education
https://bdimlek.com,1000000,
https://amiens.magistere.apps.education.fr,1000000,
https://webonelms.tvscredit.com,500000,
https://amarujalaolympiad.com,500000,Educational Institutions | Education | Entertainment
https://www.transunion.com.br,1000000,Business | Business & Economy
https://www.bossescabin.com,1000000,Ecommerce | Shopping & Auctions | Business | Business & Economy
https://www.unlimitz.biz,500000,Login Screens | Miscellaneous
https://replay-ec.com,1000000,Ecommerce | Shopping & Auctions
https://letshare.me,500000,
https://travel.graphicort.com,1000000,
https://cloud.orioncentr.com.ua,500000,
https://www.samstores.com,1000000,
https://www.olleyy.com,1000000,Lifestyle | Society & Lifestyle
https://simadig.babelprov.go.id,1000000,
https://www.imamrezaqom.com,500000,Ecommerce | Shopping & Auctions | Fashion | Society & Lifestyle
https://11811.rs,500000,
https://www.petit-bateau.co.uk,1000000,Ecommerce | Shopping & Auctions | Clothing | Society & Lifestyle
https://gb.noacsc.org,500000,